{"stat.useItem.minecraft.bow":14,"stat.pickup.minecraft.wooden_slab":4,"stat.leaveGame":14,"stat.pickup.extrautils2.indexerremote":12,"stat.craftItem.gb.globot":50,"stat.mineBlock.minecraft.sandstone":5,"stat.craftItem.minecraft.shield":1,"stat.mineBlock.gravestone.gravestone":13,"stat.craftItem.extrautils2.endershard":16,"stat.drop.minecraft.iron_sword":3,"stat.pickup.minecraft.rotten_flesh":250,"stat.useItem.hammertime.itemshoveliron":4,"stat.pickup.minecraft.bucket":28,"stat.killEntity.Enderman":68,"stat.mineBlock.minecraft.wooden_slab":2,"stat.pickup.minecraft.leather_boots":6,"stat.killEntity.Witch":2,"stat.craftItem.gb.gigger":5,"stat.useItem.minecraft.iron_pickaxe":561,"stat.useItem.minecraft.iron_shovel":15,"stat.pickup.minecraft.double_plant":18,"stat.craftItem.minecraft.bed":1,"stat.mineBlock.minecraft.vine":1,"stat.pickup.buildcrafttransport.pipe_stone_item":3,"stat.furnaceInteraction":229,"stat.killEntity.ZombieVillager":12,"stat.pickup.extrautils2.enderlilly":2,"stat.drop.minecraft.red_flower":1,"stat.drop.gb.glob":1,"stat.pickup.minecraft.beef":58,"stat.pickup.hammertime.itemsickleiron":9,"stat.pickup.minecraft.leather_helmet":2,"stat.pickup.minecraft.potion":3,"stat.useItem.minecraft.wheat_seeds":382,"stat.killEntity.Husk":3,"stat.pickup.minecraft.emerald":3,"stat.craftItem.hammertime.itemshoveliron":2,"stat.pickup.minecraft.lever":2,"stat.deaths":14,"stat.pickup.minecraft.bowl":1,"stat.pickup.minecraft.egg":2,"stat.useItem.minecraft.nether_brick":35,"stat.craftItem.minecraft.iron_pickaxe":1,"stat.drop.minecraft.torch":1,"stat.mineBlock.minecraft.tallgrass":121,"stat.drop.gb.gring15":1,"stat.chestOpened":279,"stat.useItem.minecraft.stone":15,"stat.drop.extrautils2.indexerremote":2,"stat.pickup.minecraft.iron_sword":13,"stat.pickup.minecraft.arrow":380,"stat.craftItem.minecraft.coal":90,"stat.useItem.hammertime.itemhammeriron":2,"stat.drop.minecraft.iron_pickaxe":2,"stat.pickup.minecraft.carrot":70,"stat.crouchOneCm":50297,"stat.mineBlock.minecraft.chest":16,"stat.pickup.minecraft.rail":18,"stat.craftItem.minecraft.iron_ingot":428,"stat.craftingTableInteraction":85,"stat.craftItem.extrautils2.decorativesolid":44,"stat.mineBlock.minecraft.log2":9,"stat.useItem.minecraft.reeds":3,"stat.craftItem.buildcraftcore.gear_iron":1,"stat.pickup.minecraft.dye":6,"stat.pickup.minecraft.planks":109,"stat.pickup.minecraft.wheat_seeds":824,"stat.mineBlock.minecraft.dirt":58,"stat.pickup.minecraft.poisonous_potato":1,"stat.useItem.minecraft.bread":73,"stat.drop.minecraft.rotten_flesh":9,"stat.useItem.minecraft.cobblestone":644,"stat.mineBlock.minecraft.double_plant":4,"stat.pickup.minecraft.iron_pickaxe":25,"stat.craftItem.minecraft.gold_ingot":63,"stat.pickup.minecraft.chicken":7,"stat.pickup.minecraft.tipped_arrow":3,"stat.pickup.minecraft.apple":2,"stat.craftItem.minecraft.bucket":9,"stat.craftItem.minecraft.planks":124,"stat.useItem.minecraft.iron_sword":504,"stat.itemEnchanted":1,"stat.mineBlock.buildcrafttransport.pipe_void_fluid":4,"stat.useItem.minecraft.stonebrick":7,"stat.mineBlock.minecraft.log":10,"stat.craftItem.minecraft.paper":108,"stat.pickup.minecraft.red_flower":26,"stat.pickup.minecraft.wool":33,"stat.useItem.minecraft.wooden_axe":33,"stat.pickup.extrautils2.pipe":149,"stat.cakeSlicesEaten":10,"stat.useItem.minecraft.iron_axe":151,"stat.mineBlock.minecraft.cobblestone":49,"stat.pickup.minecraft.flint":144,"stat.mineBlock.minecraft.yellow_flower":2,"stat.entityKilledBy.Witch":1,"stat.pickup.minecraft.leather_chestplate":5,"stat.craftItem.minecraft.wool":6,"stat.craftItem.gb.glopper":1,"stat.pickup.minecraft.enchanted_book":2,"stat.pickup.minecraft.cooked_porkchop":9,"stat.useItem.minecraft.stone_slab2":74,"stat.pickup.minecraft.bow":26,"stat.pickup.minecraft.iron_boots":6,"stat.pickup.minecraft.stone_hoe":6,"stat.craftItem.minecraft.furnace":4,"stat.drop.minecraft.golden_helmet":1,"stat.pickup.minecraft.golden_axe":3,"stat.craftItem.minecraft.iron_boots":2,"stat.pickup.gb.gow":11,"stat.craftItem.minecraft.cooked_beef":56,"stat.pickup.minecraft.shears":3,"stat.flyOneCm":1437301,"stat.craftItem.extrautils2.passivegenerator":57,"stat.craftItem.extrautils2.grocket":8,"stat.craftItem.minecraft.stained_glass":8,"stat.timeSinceDeath":112519,"stat.drop.minecraft.spider_eye":1,"stat.craftItem.minecraft.iron_block":1,"stat.killEntity.Bat":1,"stat.pickup.travelersbackpack.travelers_backpack":12,"stat.useItem.minecraft.potato":69,"stat.pickup.buildcraftcore.engine":3,"stat.pickup.minecraft.chainmail_helmet":1,"stat.mineBlock.minecraft.coal_ore":69,"stat.pickup.minecraft.shield":17,"stat.killEntity.Creeper":19,"stat.talkedToVillager":73,"stat.pickup.extrautils2.ingredients":4,"stat.craftItem.minecraft.stone_hoe":1,"stat.pickup.minecraft.wooden_sword":2,"stat.pickup.minecraft.string":76,"stat.craftItem.hammertime.itemsickleiron":2,"stat.pickup.extrautils2.glasscutter":1,"stat.entityKilledBy.Skeleton":1,"stat.useItem.minecraft.written_book":1,"stat.sprintOneCm":3277180,"stat.mineBlock.minecraft.stone_slab":2,"stat.craftItem.minecraft.wooden_axe":1,"stat.pickup.extrautils2.passivegenerator":5,"stat.mineBlock.minecraft.diamond_ore":17,"stat.pickup.extrautils2.decorativesolid":4,"stat.waystones:waystonesActivated":2,"stat.pickup.minecraft.leather_leggings":4,"stat.killEntity.Zombie":180,"stat.craftItem.minecraft.dye":16,"stat.mineBlock.minecraft.gold_ore":4,"stat.diveOneCm":79617,"stat.pickup.minecraft.wheat":364,"stat.useItem.gb.gow3":3,"stat.craftItem.minecraft.cooked_porkchop":5,"stat.pickup.minecraft.obsidian":9,"stat.useItem.minecraft.rotten_flesh":6,"stat.jump":10680,"stat.useItem.minecraft.sand":2,"stat.pickup.minecraft.coal":576,"stat.pickup.minecraft.iron_ingot":30,"stat.craftItem.minecraft.lever":1,"stat.pickup.minecraft.gunpowder":37,"stat.craftItem.minecraft.torch":712,"stat.pickup.minecraft.dirt":540,"stat.useItem.minecraft.glass":14,"stat.pickup.minecraft.gold_ore":55,"stat.mineBlock.minecraft.lapis_ore":3,"stat.pickup.minecraft.iron_axe":7,"stat.damageTaken":13730,"stat.mineBlock.minecraft.torch":13,"stat.mineBlock.minecraft.red_flower":6,"stat.craftItem.buildcraftcore.engine":2,"stat.pickup.minecraft.log2":687,"stat.craftItem.buildcraftcore.gear_wood":5,"stat.pickup.minecraft.potato":90,"stat.useItem.forge.bucketfilled":5,"stat.entityKilledBy.Zombie":3,"stat.pickup.minecraft.rabbit_hide":1,"stat.pickup.hammertime.itemhammeriron":12,"stat.killEntity.Silverfish":31,"stat.animalsBred":2,"stat.useItem.minecraft.chest":136,"stat.pickup.minecraft.diamond_pickaxe":1,"stat.useItem.minecraft.lava_bucket":51,"stat.craftItem.minecraft.iron_chestplate":2,"stat.pickup.minecraft.baked_potato":78,"stat.useItem.extrautils2.compoundbow":12,"stat.drop.minecraft.potato":3,"stat.pickup.minecraft.ender_pearl":38,"stat.pickup.minecraft.cooked_beef":26,"stat.killEntity.Stray":3,"stat.craftItem.travelersbackpack.sleeping_bag_bottom":3,"stat.mineBlock.minecraft.stonebrick":21,"stat.mobKills":529,"stat.craftItem.minecraft.shears":1,"stat.drop.minecraft.written_book":1,"stat.useItem.gb.gigger":1,"stat.pickup.minecraft.diamond":70,"stat.pickup.minecraft.torch":302,"stat.entityKilledBy.Silverfish":2,"stat.drop.minecraft.arrow":2,"stat.craftItem.minecraft.iron_axe":1,"stat.pickup.gravestone.death_info":10,"stat.craftItem.waystones.waystone":1,"stat.pickup.minecraft.golden_boots":2,"stat.pickup.gb.glob":51,"stat.drop.minecraft.bowl":1,"stat.pickup.minecraft.glass":74,"stat.useItem.minecraft.water_bucket":71,"stat.drop.travelersbackpack.travelers_backpack":1,"stat.mineBlock.minecraft.stone_brick_stairs":1,"stat.pickup.gb.globot":46,"stat.pickup.minecraft.sand":403,"stat.mineBlock.gb.glucky_block":16,"stat.craftItem.waystones.warp_stone":1,"stat.craftItem.buildcraftcore.gear_diamond":1,"stat.pickup.minecraft.chainmail_chestplate":1,"stat.mineBlock.minecraft.sand":34,"stat.craftItem.extrautils2.resonator":1,"stat.hopperInspected":3,"stat.drop.gravestone.death_info":20,"stat.pickup.hammertime.itemshoveliron":9,"stat.craftItem.gb.globot_raw":54,"stat.useItem.extrautils2.pipe":132,"stat.pickup.minecraft.furnace":1,"stat.useItem.minecraft.redstone":1,"stat.craftItem.travelersbackpack.travelers_backpack":4,"stat.pickup.minecraft.iron_chestplate":16,"stat.mineBlock.extrautils2.passivegenerator":1,"stat.useItem.extrautils2.indexerremote":2,"stat.pickup.minecraft.saddle":4,"stat.useItem.twilightforest.triple_bow":7,"stat.playOneMinute":1245940,"stat.drop.minecraft.string":3,"stat.useItem.hammertime.itemaxeiron":7,"stat.useItem.minecraft.shears":1,"stat.pickup.minecraft.iron_bars":6,"stat.pickup.hammertime.itemaxeiron":12,"stat.craftItem.gb.globot_rod":18,"stat.craftItem.buildcraftcore.gear_gold":1,"stat.fallOneCm":210195,"stat.pickup.minecraft.melon_seeds":16,"stat.craftItem.minecraft.chest":129,"stat.mineBlock.minecraft.lever":1,"stat.pickup.minecraft.feather":11,"stat.drop.minecraft.bone":3,"stat.craftItem.extrautils2.ingredients":6,"stat.pickup.minecraft.iron_leggings":8,"stat.useItem.hammertime.itemsickleiron":20,"stat.craftItem.minecraft.iron_leggings":3,"stat.craftItem.buildcraftcore.gear_stone":1,"stat.killEntity.Rabbit":2,"stat.drop.minecraft.reeds":2,"stat.pickup.minecraft.chainmail_boots":1,"stat.useItem.minecraft.iron_bars":1,"stat.mineBlock.minecraft.monster_egg":3,"stat.useItem.minecraft.torch":812,"stat.useItem.twilightforest.ender_bow":7,"stat.useItem.extrautils2.grocket":2,"stat.pickup.minecraft.crafting_table":2,"stat.craftItem.minecraft.crafting_table":4,"stat.pickup.gb.gigger":2,"stat.pickup.extrautils2.grocket":8,"stat.mineBlock.minecraft.emerald_ore":2,"stat.pickup.minecraft.log":93,"stat.drop.minecraft.stonebrick":1,"stat.pickup.usefulbackpacks.backpack":1,"stat.pickup.minecraft.sapling":25,"stat.pickup.minecraft.beetroot":4,"stat.killEntity.WitherSkeleton":1,"stat.craftItem.minecraft.cooked_chicken":6,"stat.useItem.minecraft.stone_hoe":83,"stat.craftItem.gb.glob":1,"stat.craftItem.buildcraftsilicon.assembly_table":1,"stat.sneakTime":24071,"stat.drop.minecraft.bucket":5,"stat.pickup.minecraft.rabbit_stew":2,"stat.useItem.minecraft.baked_potato":55,"stat.pickup.minecraft.stone_slab":9,"stat.pickup.minecraft.yellow_flower":1,"stat.pickup.minecraft.chest":193,"stat.pickup.minecraft.bone":206,"stat.horseOneCm":277520,"stat.useItem.minecraft.log2":12,"stat.craftItem.extrautils2.glasscutter":1,"stat.swimOneCm":143352,"stat.climbOneCm":6010,"stat.mineBlock.gb.gobber_ore":4,"stat.useItem.minecraft.dirt":132,"stat.pickup.minecraft.golden_helmet":7,"stat.pickup.minecraft.anvil":5,"stat.drop.minecraft.ender_pearl":1,"stat.pickup.minecraft.cobblestone":5979,"stat.mineBlock.buildcraftcore.engine":3,"stat.pickup.minecraft.glass_bottle":4,"stat.useItem.minecraft.cooked_beef":61,"stat.pickup.minecraft.redstone":153,"stat.mineBlock.minecraft.iron_ore":29,"stat.craftItem.minecraft.book":1,"stat.pickup.minecraft.mutton":6,"stat.pickup.minecraft.wooden_axe":1,"stat.pickup.minecraft.stonebrick":28,"stat.drop.minecraft.dirt":6,"stat.useItem.minecraft.cooked_porkchop":19,"stat.pickup.minecraft.iron_shovel":9,"stat.pickup.gb.glopper":9,"stat.craftItem.minecraft.stone_slab2":0,"stat.drop.hammertime.itemsickleiron":1,"stat.pickup.minecraft.paper":2,"stat.craftItem.minecraft.stick":360,"stat.useItem.extrautils2.passivegenerator":30,"stat.useItem.minecraft.stone_slab":187,"stat.craftItem.minecraft.stone":136,"stat.pickup.minecraft.grass":1,"stat.mineBlock.minecraft.crafting_table":2,"stat.useItem.minecraft.diamond_pickaxe":102,"stat.pickup.gb.gring15":3,"stat.drop":80,"stat.craftItem.hammertime.itemhammeriron":1,"stat.killEntity.Sheep":4,"stat.pickup.minecraft.slime_ball":2,"stat.craftItem.minecraft.piston":1,"stat.pickup.minecraft.gravel":166,"stat.drop.minecraft.cooked_beef":2,"stat.killEntity.Slime":13,"stat.mineBlock.minecraft.anvil":6,"stat.useItem.minecraft.apple":2,"stat.useItem.minecraft.potion":1,"stat.pickup.minecraft.stone_brick_stairs":3,"stat.craftItem.travelersbackpack.backpack_tank":6,"stat.pickup.minecraft.iron_helmet":11,"stat.pickup.minecraft.spider_eye":31,"stat.craftItem.minecraft.iron_helmet":3,"stat.useItem.minecraft.cooked_chicken":1,"stat.pickup.minecraft.iron_ore":215,"stat.mineBlock.minecraft.iron_bars":2,"stat.pickup.buildcraftcore.fragile_fluid_shard":7,"stat.mineBlock.minecraft.leaves2":7,"stat.pickup.minecraft.leather":85,"stat.mineBlock.minecraft.furnace":1,"stat.drop.minecraft.water_bucket":2,"stat.drop.gb.gow":3,"stat.pickup.minecraft.reeds":156,"stat.pickup.minecraft.stained_glass":16,"stat.damageDealt":73917,"stat.craftItem.minecraft.glass":106,"stat.sleepInBed":7,"stat.craftItem.minecraft.baked_potato":161,"stat.killEntity.Cow":26,"stat.craftItem.hammertime.itemaxeiron":2,"stat.pickup.minecraft.piston":3,"stat.walkOneCm":3928162,"stat.playerKills":3,"stat.pickup.minecraft.stick":166,"stat.useItem.gb.glopper":682,"stat.pickup.minecraft.tnt":1,"stat.drop.minecraft.leather_chestplate":1,"stat.pickup.minecraft.stone":1019,"stat.pickup.minecraft.gold_ingot":12,"stat.killEntity.Skeleton":94,"stat.killEntity.Chicken":7,"stat.killEntity.Spider":58,"stat.pickup.minecraft.bread":66,"stat.craftItem.minecraft.tnt":5,"stat.pickup.gb.globette":22,"stat.useItem.gb.gow":307,"stat.pickup.minecraft.water_bucket":10,"stat.pickup.minecraft.golden_shovel":3,"stat.mineBlock.minecraft.leaves":56,"stat.mineBlock.minecraft.redstone_ore":5,"stat.craftItem.minecraft.coal_block":1,"stat.mineBlock.minecraft.stone":356}