{"stat.useItem.minecraft.bow":14,"stat.pickup.minecraft.wooden_slab":6,"stat.leaveGame":21,"stat.pickup.extrautils2.indexerremote":14,"stat.craftItem.gb.globot":50,"stat.mineBlock.minecraft.sandstone":5,"stat.killEntity.PigZombie":2,"stat.craftItem.minecraft.shield":1,"stat.mineBlock.gravestone.gravestone":18,"stat.craftItem.extrautils2.endershard":16,"stat.drop.minecraft.iron_sword":3,"stat.pickup.minecraft.rotten_flesh":681,"stat.useItem.hammertime.itemshoveliron":4,"stat.craftItem.betternether.cincinnasite_forged":22,"stat.pickup.minecraft.bucket":29,"stat.killEntity.Enderman":90,"stat.mineBlock.minecraft.wooden_slab":3,"stat.pickup.minecraft.leather_boots":13,"stat.pickup.minecraft.brown_mushroom":2,"stat.killEntity.Witch":3,"stat.craftItem.gb.gigger":5,"stat.useItem.minecraft.iron_pickaxe":561,"stat.pickup.minecraft.stained_hardened_clay":3,"stat.useItem.minecraft.iron_shovel":15,"stat.pickup.minecraft.double_plant":18,"stat.craftItem.minecraft.bed":1,"stat.drop.minecraft.diamond_chestplate":1,"stat.mineBlock.minecraft.vine":3,"stat.mineBlock.minecraft.hopper":4,"stat.pickup.buildcrafttransport.pipe_stone_item":3,"stat.pickup.minecraft.wooden_shovel":1,"stat.furnaceInteraction":244,"stat.killEntity.ZombieVillager":24,"stat.mineBlock.betternether.orange_mushroom":1,"stat.pickup.extrautils2.enderlilly":2,"stat.pickup.minecraft.nether_brick":36,"stat.drop.minecraft.red_flower":1,"stat.drop.gb.glob":1,"stat.pickup.minecraft.beef":61,"stat.pickup.hammertime.itemsickleiron":10,"stat.pickup.betternether.eye_seed":1,"stat.pickup.minecraft.hay_block":111,"stat.pickup.minecraft.leather_helmet":7,"stat.mineBlock.minecraft.stained_hardened_clay":1,"stat.pickup.betternether.gray_mold":1,"stat.pickup.minecraft.potion":10,"stat.pickup.mowziesmobs.barakoa_mask_rage":2,"stat.useItem.minecraft.wheat_seeds":514,"stat.killEntity.Husk":14,"stat.pickup.minecraft.emerald":4,"stat.craftItem.betternether.cincinnasite_axe":2,"stat.craftItem.hammertime.itemshoveliron":2,"stat.useItem.minecraft.beef":3,"stat.pickup.minecraft.lever":4,"stat.drop.gb.gigger":1,"stat.deaths":19,"stat.pickup.minecraft.bowl":1,"stat.pickup.minecraft.egg":2,"stat.useItem.minecraft.nether_brick":36,"stat.craftItem.minecraft.iron_pickaxe":1,"stat.drop.minecraft.torch":1,"stat.mineBlock.minecraft.tallgrass":142,"stat.drop.gb.gring15":1,"stat.chestOpened":341,"stat.useItem.minecraft.stone":83,"stat.drop.extrautils2.indexerremote":2,"stat.pickup.minecraft.iron_sword":14,"stat.pickup.minecraft.arrow":637,"stat.killEntity.Ghast":1,"stat.killEntity.Vex":1,"stat.craftItem.minecraft.coal":90,"stat.useItem.hammertime.itemhammeriron":2,"stat.drop.minecraft.iron_pickaxe":2,"stat.pickup.minecraft.carrot":75,"stat.crouchOneCm":56876,"stat.mineBlock.minecraft.chest":16,"stat.pickup.minecraft.rail":18,"stat.craftItem.minecraft.iron_ingot":428,"stat.craftingTableInteraction":93,"stat.craftItem.extrautils2.decorativesolid":44,"stat.craftItem.hammertime.itemsicklediamond":1,"stat.mineBlock.minecraft.log2":9,"stat.useItem.minecraft.reeds":3,"stat.craftItem.buildcraftcore.gear_iron":1,"stat.pickup.minecraft.dye":33,"stat.pickup.minecraft.planks":109,"stat.pickup.minecraft.wheat_seeds":1183,"stat.mineBlock.betternether.gray_mold":1,"stat.mineBlock.betternether.nether_mycelium":3,"stat.mineBlock.minecraft.dirt":59,"stat.pickup.minecraft.poisonous_potato":1,"stat.drop.mowziesmobs.barakoa_mask_fear":1,"stat.drop.minecraft.paper":26,"stat.useItem.minecraft.bread":227,"stat.drop.minecraft.rotten_flesh":22,"stat.useItem.minecraft.cobblestone":666,"stat.mineBlock.minecraft.double_plant":5,"stat.mineBlock.betternether.cincinnasite_ore":17,"stat.pickup.minecraft.iron_pickaxe":27,"stat.craftItem.minecraft.gold_ingot":191,"stat.drop.minecraft.sapling":1,"stat.pickup.minecraft.hopper":3,"stat.pickup.minecraft.chicken":7,"stat.pickup.minecraft.tipped_arrow":3,"stat.pickup.minecraft.apple":2,"stat.pickup.minecraft.coal_block":1,"stat.craftItem.minecraft.bucket":9,"stat.craftItem.minecraft.planks":124,"stat.useItem.minecraft.iron_sword":504,"stat.itemEnchanted":1,"stat.mineBlock.buildcrafttransport.pipe_void_fluid":4,"stat.craftItem.torcherino.blocktorcherino":1,"stat.useItem.minecraft.stonebrick":8,"stat.pickup.minecraft.book":12,"stat.mineBlock.minecraft.log":12,"stat.pickup.minecraft.iron_door":1,"stat.drop.minecraft.leather_leggings":1,"stat.craftItem.minecraft.paper":108,"stat.pickup.minecraft.red_flower":45,"stat.pickup.minecraft.wool":34,"stat.useItem.minecraft.wooden_axe":33,"stat.pickup.extrautils2.pipe":149,"stat.cakeSlicesEaten":14,"stat.craftItem.minecraft.diamond_leggings":1,"stat.useItem.minecraft.iron_axe":151,"stat.mineBlock.minecraft.cobblestone":54,"stat.pickup.minecraft.flint":145,"stat.mineBlock.minecraft.yellow_flower":2,"stat.entityKilledBy.Witch":1,"stat.mineBlock.betternether.barrel_cactus":3,"stat.killEntity.firefly":5,"stat.pickup.minecraft.leather_chestplate":8,"stat.craftItem.minecraft.wool":6,"stat.craftItem.gb.glopper":2,"stat.craftItem.minecraft.clock":4,"stat.mineBlock.betternether.nether_cactus":5,"stat.pickup.minecraft.enchanted_book":9,"stat.pickup.gb.globette2":2,"stat.pickup.minecraft.cooked_porkchop":9,"stat.useItem.minecraft.obsidian":13,"stat.useItem.minecraft.stone_slab2":94,"stat.pickup.minecraft.bow":30,"stat.pickup.minecraft.iron_boots":8,"stat.pickup.minecraft.stone_hoe":6,"stat.craftItem.minecraft.furnace":4,"stat.drop.minecraft.golden_helmet":1,"stat.pickup.minecraft.golden_axe":3,"stat.useItem.betternether.nether_reed":3,"stat.craftItem.minecraft.iron_boots":2,"stat.pickup.gb.gow":14,"stat.pickup.betternether.nether_reed":54,"stat.craftItem.minecraft.cooked_beef":56,"stat.mineBlock.minecraft.obsidian":5,"stat.pickup.minecraft.shears":3,"stat.pickup.minecraft.diamond_leggings":3,"stat.flyOneCm":2019289,"stat.drop.minecraft.iron_helmet":2,"stat.craftItem.extrautils2.passivegenerator":66,"stat.pickup.mowziesmobs.glowing_jelly":1,"stat.craftItem.extrautils2.grocket":8,"stat.craftItem.minecraft.stained_glass":8,"stat.timeSinceDeath":48808,"stat.drop.minecraft.spider_eye":1,"stat.craftItem.minecraft.iron_block":1,"stat.killEntity.Bat":3,"stat.pickup.travelersbackpack.travelers_backpack":16,"stat.useItem.minecraft.potato":69,"stat.pickup.betternether.red_mold":1,"stat.pickup.buildcraftcore.engine":3,"stat.pickup.minecraft.chainmail_helmet":2,"stat.pickup.minecraft.nether_wart":119,"stat.mineBlock.minecraft.coal_ore":69,"stat.pickup.minecraft.shield":35,"stat.killEntity.Creeper":26,"stat.talkedToVillager":95,"stat.pickup.extrautils2.ingredients":4,"stat.craftItem.minecraft.stone_hoe":1,"stat.pickup.minecraft.wooden_sword":2,"stat.pickup.minecraft.string":143,"stat.craftItem.hammertime.itemsickleiron":2,"stat.mineBlock.betternether.smoker":1,"stat.pickup.extrautils2.glasscutter":1,"stat.entityKilledBy.Skeleton":2,"stat.useItem.minecraft.written_book":1,"stat.sprintOneCm":4486074,"stat.mineBlock.minecraft.stone_slab":2,"stat.craftItem.minecraft.wooden_axe":1,"stat.pickup.extrautils2.passivegenerator":5,"stat.mineBlock.minecraft.diamond_ore":17,"stat.pickup.mowziesmobs.barakoa_mask_fear":2,"stat.pickup.extrautils2.decorativesolid":4,"stat.waystones:waystonesActivated":4,"stat.pickup.minecraft.leather_leggings":11,"stat.craftItem.gb.gring18":1,"stat.killEntity.Zombie":349,"stat.craftItem.minecraft.dye":71,"stat.mineBlock.minecraft.gold_ore":4,"stat.diveOneCm":86433,"stat.pickup.minecraft.wheat":557,"stat.useItem.gb.gow3":3,"stat.mineBlock.minecraft.mossy_cobblestone":3,"stat.craftItem.minecraft.cooked_porkchop":5,"stat.pickup.minecraft.obsidian":15,"stat.useItem.minecraft.rotten_flesh":6,"stat.pickup.betternether.black_bush":2,"stat.jump":15295,"stat.useItem.minecraft.sand":2,"stat.pickup.minecraft.coal":579,"stat.pickup.minecraft.iron_ingot":33,"stat.craftItem.minecraft.lever":1,"stat.pickup.betternether.cincinnasite_pickaxe_diamond":2,"stat.pickup.minecraft.gunpowder":50,"stat.craftItem.minecraft.torch":712,"stat.pickup.minecraft.dirt":543,"stat.useItem.minecraft.glass":14,"stat.pickup.minecraft.gold_ore":55,"stat.mineBlock.minecraft.lapis_ore":3,"stat.pickup.minecraft.iron_axe":7,"stat.mineBlock.betternether.bone_block":1,"stat.pickup.mowziesmobs.painted_acacia":2,"stat.mineBlock.minecraft.glass_pane":1,"stat.damageTaken":24155,"stat.mineBlock.minecraft.torch":14,"stat.mineBlock.minecraft.red_flower":17,"stat.craftItem.buildcraftcore.engine":2,"stat.pickup.minecraft.log2":876,"stat.entityKilledBy.ZombieVillager":1,"stat.craftItem.buildcraftcore.gear_wood":5,"stat.pickup.minecraft.quartz_block":31,"stat.pickup.minecraft.potato":140,"stat.useItem.forge.bucketfilled":5,"stat.entityKilledBy.Zombie":3,"stat.pickup.minecraft.rabbit_hide":1,"stat.pickup.hammertime.itemhammeriron":15,"stat.killEntity.Silverfish":34,"stat.animalsBred":2,"stat.useItem.minecraft.chest":141,"stat.pickup.minecraft.diamond_pickaxe":5,"stat.useItem.minecraft.lava_bucket":52,"stat.pickup.mowziesmobs.barako_mask":4,"stat.craftItem.minecraft.iron_chestplate":2,"stat.pickup.minecraft.baked_potato":116,"stat.useItem.extrautils2.compoundbow":12,"stat.drop.minecraft.potato":3,"stat.pickup.minecraft.ender_pearl":50,"stat.pickup.minecraft.cooked_beef":26,"stat.killEntity.Stray":4,"stat.useItem.minecraft.netherrack":414,"stat.craftItem.travelersbackpack.sleeping_bag_bottom":3,"stat.mineBlock.minecraft.stonebrick":27,"stat.mineBlock.betternether.bone_mushroom":1,"stat.mineBlock.waystones.waystone":1,"stat.mineBlock.minecraft.glowstone":4,"stat.mobKills":1079,"stat.pickup.minecraft.diamond_boots":3,"stat.mineBlock.minecraft.bookshelf":2,"stat.craftItem.minecraft.shears":1,"stat.drop.minecraft.written_book":1,"stat.useItem.gb.gigger":5,"stat.pickup.minecraft.diamond":70,"stat.pickup.minecraft.torch":630,"stat.entityKilledBy.Silverfish":2,"stat.drop.minecraft.arrow":2,"stat.craftItem.minecraft.iron_axe":1,"stat.killEntity.Blaze":116,"stat.pickup.gravestone.death_info":12,"stat.drop.minecraft.shield":1,"stat.mineBlock.betternether.nether_reed":23,"stat.craftItem.waystones.waystone":5,"stat.pickup.minecraft.golden_boots":2,"stat.pickup.minecraft.glowstone_dust":19,"stat.pickup.gb.glob":51,"stat.drop.minecraft.bowl":1,"stat.pickup.minecraft.porkchop":1,"stat.pickup.minecraft.glass":74,"stat.useItem.minecraft.water_bucket":71,"stat.drop.travelersbackpack.travelers_backpack":1,"stat.mineBlock.minecraft.stone_brick_stairs":1,"stat.pickup.gb.globot":46,"stat.pickup.minecraft.sand":404,"stat.mineBlock.gb.glucky_block":16,"stat.pickup.betternether.egg_plant":74,"stat.craftItem.waystones.warp_stone":5,"stat.craftItem.buildcraftcore.gear_diamond":1,"stat.drop.gb.glopper":1,"stat.pickup.betternether.smoker":14,"stat.useItem.minecraft.ender_pearl":4,"stat.pickup.minecraft.chainmail_chestplate":3,"stat.pickup.mowziesmobs.barakoa_mask_misery":2,"stat.mineBlock.minecraft.sand":35,"stat.craftItem.extrautils2.resonator":1,"stat.pickup.betternether.wart_seed":4,"stat.hopperInspected":3,"stat.trappedChestTriggered":4,"stat.drop.gravestone.death_info":24,"stat.pickup.betternether.orange_mushroom":6,"stat.craftItem.gb.gring":1,"stat.craftItem.betternether.cincinnasite_axe_diamond":2,"stat.pickup.hammertime.itemshoveliron":9,"stat.craftItem.gb.globot_raw":54,"stat.pickup.betternether.cincinnasite_bricks_pillar":1,"stat.useItem.extrautils2.pipe":132,"stat.pickup.minecraft.furnace":1,"stat.useItem.minecraft.redstone":1,"stat.pickup.minecraft.totem_of_undying":1,"stat.pickup.betternether.black_apple":14,"stat.craftItem.travelersbackpack.travelers_backpack":4,"stat.pickup.minecraft.iron_chestplate":17,"stat.mineBlock.extrautils2.passivegenerator":1,"stat.useItem.extrautils2.indexerremote":2,"stat.pickup.minecraft.saddle":4,"stat.mineBlock.minecraft.soul_sand":11,"stat.useItem.twilightforest.triple_bow":7,"stat.playOneMinute":1780277,"stat.pickup.minecraft.blaze_rod":57,"stat.drop.minecraft.string":3,"stat.useItem.hammertime.itemaxeiron":7,"stat.useItem.minecraft.shears":1,"stat.pickup.minecraft.iron_bars":38,"stat.pickup.minecraft.netherrack":2105,"stat.pickup.hammertime.itemaxeiron":14,"stat.craftItem.gb.globot_rod":19,"stat.recordPlayed":2,"stat.mineBlock.minecraft.netherrack":381,"stat.craftItem.buildcraftcore.gear_gold":1,"stat.fallOneCm":313528,"stat.pickup.minecraft.melon_seeds":16,"stat.craftItem.minecraft.chest":134,"stat.mineBlock.minecraft.lever":1,"stat.pickup.minecraft.red_mushroom":3,"stat.pickup.minecraft.golden_leggings":1,"stat.pickup.betternether.barrel_cactus":2,"stat.pickup.minecraft.feather":11,"stat.drop.minecraft.bone":3,"stat.pickup.betternether.ink_bush_seed":9,"stat.craftItem.extrautils2.ingredients":8,"stat.pickup.minecraft.iron_leggings":8,"stat.useItem.hammertime.itemsickleiron":20,"stat.pickup.waystones.waystone":2,"stat.craftItem.minecraft.iron_leggings":3,"stat.pickup.betternether.cincinnasite":131,"stat.craftItem.buildcraftcore.gear_stone":1,"stat.killEntity.Rabbit":2,"stat.drop.minecraft.reeds":2,"stat.pickup.minecraft.chainmail_boots":5,"stat.useItem.minecraft.iron_bars":1,"stat.pickup.minecraft.record_13":1,"stat.mineBlock.minecraft.monster_egg":3,"stat.pickup.minecraft.record_11":1,"stat.useItem.minecraft.torch":1012,"stat.useItem.twilightforest.ender_bow":7,"stat.craftItem.betternether.cincinnasite_pickaxe":2,"stat.useItem.extrautils2.grocket":2,"stat.pickup.minecraft.crafting_table":2,"stat.craftItem.minecraft.crafting_table":4,"stat.pickup.gb.gigger":5,"stat.useItem.betternether.cincinnasite_axe_diamond":4,"stat.killEntity.LavaSlime":4,"stat.pickup.extrautils2.grocket":8,"stat.mineBlock.minecraft.emerald_ore":2,"stat.pickup.minecraft.log":119,"stat.drop.minecraft.stonebrick":1,"stat.pickup.usefulbackpacks.backpack":4,"stat.craftItem.usefulbackpacks.backpack":3,"stat.pickup.minecraft.chainmail_leggings":1,"stat.pickup.minecraft.sapling":35,"stat.pickup.minecraft.beetroot":4,"stat.killEntity.WitherSkeleton":11,"stat.craftItem.minecraft.cooked_chicken":6,"stat.useItem.minecraft.stone_hoe":83,"stat.craftItem.gb.glob":1,"stat.craftItem.buildcraftsilicon.assembly_table":1,"stat.pickup.betternether.nether_mycelium":3,"stat.sneakTime":27415,"stat.pickup.minecraft.rabbit":2,"stat.drop.minecraft.bucket":5,"stat.pickup.minecraft.rabbit_stew":2,"stat.useItem.minecraft.baked_potato":97,"stat.pickup.minecraft.stone_slab":9,"stat.pickup.minecraft.yellow_flower":1,"stat.mineBlock.minecraft.jukebox":2,"stat.pickup.minecraft.chest":193,"stat.craftItem.minecraft.diamond_chestplate":1,"stat.pickup.minecraft.bone":351,"stat.pickup.minecraft.redstone_torch":3,"stat.pickup.minecraft.stone_pressure_plate":2,"stat.horseOneCm":1258178,"stat.useItem.minecraft.log2":12,"stat.mineBlock.mowziesmobs.painted_acacia":2,"stat.craftItem.minecraft.diamond_helmet":1,"stat.craftItem.extrautils2.glasscutter":1,"stat.swimOneCm":155475,"stat.climbOneCm":13838,"stat.mineBlock.gb.gobber_ore":4,"stat.useItem.minecraft.dirt":132,"stat.pickup.minecraft.golden_helmet":7,"stat.mineBlock.betternether.nether_grass":11,"stat.pickup.minecraft.anvil":6,"stat.useItem.betternether.cincinnasite_pickaxe_diamond":246,"stat.drop.minecraft.ender_pearl":1,"stat.mineBlock.minecraft.magma":5,"stat.pickup.minecraft.cobblestone":6027,"stat.mineBlock.buildcraftcore.engine":3,"stat.mineBlock.minecraft.carpet":2,"stat.pickup.minecraft.glass_bottle":5,"stat.pickup.minecraft.soul_sand":92,"stat.useItem.minecraft.cooked_beef":61,"stat.pickup.minecraft.redstone":161,"stat.mineBlock.minecraft.iron_ore":29,"stat.craftItem.minecraft.book":1,"stat.pickup.minecraft.mutton":6,"stat.pickup.minecraft.mossy_cobblestone":1,"stat.pickup.minecraft.wooden_axe":1,"stat.pickup.minecraft.stonebrick":66,"stat.drop.minecraft.dirt":6,"stat.useItem.minecraft.cooked_porkchop":19,"stat.pickup.minecraft.iron_shovel":9,"stat.pickup.minecraft.carpet":2,"stat.pickup.minecraft.diamond_shovel":1,"stat.mineBlock.minecraft.nether_brick":11,"stat.mineBlock.betternether.black_bush":1,"stat.pickup.gb.glopper":13,"stat.mineBlock.betternether.agave":3,"stat.pickup.betternether.cincinnasite_axe_diamond":2,"stat.craftItem.minecraft.stone_slab2":0,"stat.drop.hammertime.itemsickleiron":1,"stat.pickup.minecraft.paper":28,"stat.craftItem.minecraft.stick":360,"stat.useItem.extrautils2.passivegenerator":64,"stat.useItem.minecraft.stone_slab":187,"stat.craftItem.minecraft.stone":136,"stat.pickup.minecraft.grass":2,"stat.mineBlock.minecraft.crafting_table":2,"stat.useItem.minecraft.diamond_pickaxe":615,"stat.mineBlock.minecraft.quartz_block":53,"stat.pickup.minecraft.diamond_chestplate":4,"stat.pickup.gb.gring18":3,"stat.pickup.gb.gring15":5,"stat.drop":135,"stat.pickup.minecraft.jukebox":3,"stat.craftItem.hammertime.itemhammeriron":1,"stat.killEntity.Sheep":4,"stat.pickup.minecraft.slime_ball":2,"stat.mineBlock.betternether.red_mold":1,"stat.craftItem.minecraft.piston":1,"stat.pickup.minecraft.gravel":171,"stat.drop.minecraft.cooked_beef":2,"stat.killEntity.EvocationIllager":1,"stat.killEntity.Slime":13,"stat.mineBlock.minecraft.anvil":7,"stat.useItem.minecraft.apple":2,"stat.useItem.minecraft.potion":1,"stat.pickup.minecraft.stone_brick_stairs":3,"stat.pickup.minecraft.diamond_sword":2,"stat.craftItem.travelersbackpack.backpack_tank":6,"stat.pickup.minecraft.iron_helmet":20,"stat.pickup.minecraft.spider_eye":60,"stat.craftItem.minecraft.iron_helmet":3,"stat.pickup.minecraft.experience_bottle":1,"stat.useItem.minecraft.cooked_chicken":1,"stat.pickup.minecraft.iron_ore":215,"stat.boatOneCm":3272,"stat.mineBlock.minecraft.iron_bars":14,"stat.pickup.buildcraftcore.fragile_fluid_shard":7,"stat.mineBlock.minecraft.leaves2":9,"stat.pickup.minecraft.leather":141,"stat.craftItem.betternether.cincinnasite_pickaxe_diamond":2,"stat.mineBlock.minecraft.furnace":1,"stat.dispenserInspected":1,"stat.drop.minecraft.water_bucket":2,"stat.pickup.betternether.nether_cactus":5,"stat.drop.gb.gow":3,"stat.pickup.minecraft.reeds":156,"stat.pickup.minecraft.stained_glass":16,"stat.craftItem.securitycraft.universal_block_modifier":1,"stat.damageDealt":116279,"stat.craftItem.minecraft.glass":106,"stat.sleepInBed":8,"stat.craftItem.minecraft.baked_potato":161,"stat.killEntity.Cow":28,"stat.killEntity.Pig":1,"stat.craftItem.hammertime.itemaxeiron":3,"stat.pickup.minecraft.piston":3,"stat.walkOneCm":5982008,"stat.playerKills":5,"stat.useItem.hammertime.itemsicklediamond":12,"stat.pickup.minecraft.stick":249,"stat.useItem.gb.glopper":1276,"stat.craftItem.minecraft.diamond_boots":1,"stat.pickup.minecraft.tnt":1,"stat.drop.minecraft.leather_chestplate":1,"stat.drop.minecraft.iron_chestplate":1,"stat.pickup.minecraft.stone":1111,"stat.pickup.torcherino.blocktorcherino":1,"stat.pickup.betternether.bone_mushroom":18,"stat.drop.minecraft.diamond_leggings":1,"stat.pickup.minecraft.gold_ingot":76,"stat.mineBlock.betternether.netherrack_moss":11,"stat.killEntity.Skeleton":172,"stat.killEntity.Chicken":7,"stat.killEntity.Spider":109,"stat.pickup.minecraft.bread":147,"stat.mineBlock.minecraft.quartz_ore":5,"stat.craftItem.minecraft.tnt":5,"stat.pickup.gb.globette":22,"stat.drop.minecraft.diamond_boots":1,"stat.useItem.gb.gow":773,"stat.pickup.minecraft.water_bucket":10,"stat.pickup.minecraft.golden_shovel":3,"stat.mineBlock.minecraft.leaves":56,"stat.mineBlock.betternether.egg_plant":51,"stat.mineBlock.minecraft.redstone_ore":5,"stat.craftItem.minecraft.coal_block":1,"stat.mineBlock.minecraft.hay_block":113,"stat.mineBlock.minecraft.stone":358}