{"stat.useItem.minecraft.bow":14,"stat.pickup.minecraft.wooden_slab":2,"stat.leaveGame":10,"stat.craftItem.minecraft.iron_axe":1,"stat.pickup.extrautils2.indexerremote":8,"stat.craftItem.gb.globot":45,"stat.pickup.gravestone.death_info":10,"stat.mineBlock.minecraft.sandstone":5,"stat.craftItem.minecraft.shield":1,"stat.craftItem.waystones.waystone":1,"stat.pickup.minecraft.golden_boots":2,"stat.pickup.gb.glob":51,"stat.pickup.minecraft.glass":74,"stat.mineBlock.gravestone.gravestone":10,"stat.craftItem.extrautils2.endershard":8,"stat.useItem.minecraft.water_bucket":71,"stat.drop.minecraft.iron_sword":2,"stat.drop.travelersbackpack.travelers_backpack":1,"stat.mineBlock.minecraft.stone_brick_stairs":1,"stat.pickup.gb.globot":46,"stat.pickup.minecraft.rotten_flesh":44,"stat.pickup.minecraft.sand":299,"stat.mineBlock.gb.glucky_block":16,"stat.useItem.hammertime.itemshoveliron":4,"stat.pickup.minecraft.bucket":26,"stat.killEntity.Enderman":18,"stat.craftItem.waystones.warp_stone":1,"stat.mineBlock.minecraft.wooden_slab":2,"stat.pickup.minecraft.leather_boots":6,"stat.craftItem.buildcraftcore.gear_diamond":1,"stat.pickup.minecraft.chainmail_chestplate":1,"stat.mineBlock.minecraft.sand":34,"stat.hopperInspected":3,"stat.useItem.minecraft.iron_pickaxe":524,"stat.useItem.minecraft.iron_shovel":15,"stat.pickup.minecraft.double_plant":18,"stat.craftItem.minecraft.bed":1,"stat.drop.gravestone.death_info":17,"stat.mineBlock.minecraft.vine":1,"stat.pickup.buildcrafttransport.pipe_stone_item":3,"stat.furnaceInteraction":154,"stat.killEntity.ZombieVillager":6,"stat.pickup.hammertime.itemshoveliron":7,"stat.drop.minecraft.red_flower":1,"stat.craftItem.gb.globot_raw":45,"stat.drop.gb.glob":1,"stat.useItem.extrautils2.pipe":132,"stat.pickup.minecraft.beef":54,"stat.pickup.minecraft.furnace":1,"stat.pickup.hammertime.itemsickleiron":7,"stat.useItem.minecraft.redstone":1,"stat.craftItem.travelersbackpack.travelers_backpack":4,"stat.pickup.minecraft.leather_helmet":2,"stat.pickup.minecraft.iron_chestplate":13,"stat.pickup.minecraft.potion":3,"stat.useItem.minecraft.wheat_seeds":382,"stat.killEntity.Husk":3,"stat.useItem.extrautils2.indexerremote":2,"stat.pickup.minecraft.emerald":1,"stat.pickup.minecraft.saddle":4,"stat.craftItem.hammertime.itemshoveliron":1,"stat.pickup.minecraft.lever":2,"stat.deaths":11,"stat.pickup.minecraft.egg":2,"stat.playOneMinute":844268,"stat.useItem.hammertime.itemaxeiron":7,"stat.craftItem.minecraft.iron_pickaxe":1,"stat.useItem.minecraft.shears":1,"stat.pickup.minecraft.iron_bars":6,"stat.drop.minecraft.torch":1,"stat.mineBlock.minecraft.tallgrass":117,"stat.chestOpened":199,"stat.pickup.hammertime.itemaxeiron":10,"stat.craftItem.gb.globot_rod":6,"stat.drop.extrautils2.indexerremote":1,"stat.pickup.minecraft.iron_sword":12,"stat.pickup.minecraft.arrow":247,"stat.useItem.hammertime.itemhammeriron":2,"stat.craftItem.buildcraftcore.gear_gold":1,"stat.fallOneCm":175470,"stat.pickup.minecraft.carrot":69,"stat.pickup.minecraft.melon_seeds":16,"stat.crouchOneCm":28421,"stat.mineBlock.minecraft.chest":16,"stat.craftItem.minecraft.iron_ingot":247,"stat.craftItem.minecraft.chest":129,"stat.mineBlock.minecraft.lever":1,"stat.craftingTableInteraction":80,"stat.mineBlock.minecraft.log2":9,"stat.pickup.minecraft.feather":9,"stat.drop.minecraft.bone":3,"stat.useItem.minecraft.reeds":2,"stat.craftItem.buildcraftcore.gear_iron":1,"stat.pickup.minecraft.dye":6,"stat.pickup.minecraft.planks":105,"stat.pickup.minecraft.iron_leggings":6,"stat.useItem.hammertime.itemsickleiron":20,"stat.pickup.minecraft.wheat_seeds":756,"stat.craftItem.minecraft.iron_leggings":1,"stat.craftItem.buildcraftcore.gear_stone":1,"stat.killEntity.Rabbit":2,"stat.mineBlock.minecraft.dirt":55,"stat.drop.minecraft.reeds":2,"stat.pickup.minecraft.chainmail_boots":1,"stat.pickup.minecraft.poisonous_potato":1,"stat.useItem.minecraft.iron_bars":1,"stat.useItem.minecraft.torch":306,"stat.useItem.minecraft.bread":45,"stat.useItem.extrautils2.grocket":2,"stat.drop.minecraft.rotten_flesh":3,"stat.pickup.minecraft.crafting_table":2,"stat.useItem.minecraft.cobblestone":521,"stat.craftItem.minecraft.crafting_table":4,"stat.mineBlock.minecraft.double_plant":4,"stat.pickup.extrautils2.grocket":8,"stat.pickup.minecraft.log":92,"stat.drop.minecraft.stonebrick":1,"stat.pickup.minecraft.iron_pickaxe":18,"stat.craftItem.minecraft.gold_ingot":46,"stat.pickup.minecraft.chicken":6,"stat.pickup.minecraft.tipped_arrow":3,"stat.pickup.minecraft.sapling":20,"stat.pickup.minecraft.apple":2,"stat.pickup.minecraft.beetroot":4,"stat.craftItem.minecraft.bucket":9,"stat.craftItem.minecraft.planks":100,"stat.useItem.minecraft.iron_sword":504,"stat.killEntity.WitherSkeleton":1,"stat.mineBlock.buildcrafttransport.pipe_void_fluid":4,"stat.useItem.minecraft.stonebrick":7,"stat.mineBlock.minecraft.log":10,"stat.craftItem.minecraft.cooked_chicken":6,"stat.useItem.minecraft.stone_hoe":83,"stat.craftItem.buildcraftsilicon.assembly_table":1,"stat.pickup.minecraft.red_flower":21,"stat.sneakTime":15271,"stat.pickup.minecraft.wool":30,"stat.drop.minecraft.bucket":4,"stat.pickup.minecraft.rabbit_stew":2,"stat.useItem.minecraft.baked_potato":4,"stat.useItem.minecraft.wooden_axe":33,"stat.pickup.minecraft.stone_slab":6,"stat.pickup.minecraft.yellow_flower":1,"stat.pickup.extrautils2.pipe":149,"stat.pickup.minecraft.chest":193,"stat.cakeSlicesEaten":10,"stat.pickup.minecraft.bone":143,"stat.horseOneCm":274487,"stat.useItem.minecraft.iron_axe":151,"stat.mineBlock.minecraft.cobblestone":33,"stat.useItem.minecraft.log2":12,"stat.pickup.minecraft.flint":16,"stat.mineBlock.minecraft.yellow_flower":2,"stat.pickup.minecraft.leather_chestplate":5,"stat.craftItem.minecraft.wool":6,"stat.craftItem.extrautils2.glasscutter":1,"stat.craftItem.gb.glopper":1,"stat.swimOneCm":108224,"stat.climbOneCm":4951,"stat.mineBlock.gb.gobber_ore":4,"stat.pickup.minecraft.enchanted_book":1,"stat.pickup.minecraft.cooked_porkchop":9,"stat.useItem.minecraft.dirt":132,"stat.pickup.minecraft.golden_helmet":6,"stat.useItem.minecraft.stone_slab2":55,"stat.pickup.minecraft.bow":23,"stat.pickup.minecraft.iron_boots":4,"stat.pickup.minecraft.stone_hoe":4,"stat.craftItem.minecraft.furnace":4,"stat.drop.minecraft.golden_helmet":1,"stat.pickup.minecraft.golden_axe":3,"stat.pickup.minecraft.anvil":5,"stat.drop.minecraft.ender_pearl":1,"stat.pickup.gb.gow":8,"stat.craftItem.minecraft.cooked_beef":56,"stat.pickup.minecraft.shears":3,"stat.pickup.minecraft.cobblestone":2104,"stat.mineBlock.buildcraftcore.engine":3,"stat.flyOneCm":1160090,"stat.useItem.minecraft.cooked_beef":61,"stat.craftItem.extrautils2.grocket":8,"stat.craftItem.minecraft.stained_glass":8,"stat.pickup.minecraft.redstone":153,"stat.mineBlock.minecraft.iron_ore":28,"stat.timeSinceDeath":73463,"stat.pickup.minecraft.mutton":1,"stat.craftItem.minecraft.iron_block":1,"stat.killEntity.Bat":1,"stat.pickup.travelersbackpack.travelers_backpack":8,"stat.useItem.minecraft.potato":69,"stat.pickup.minecraft.wooden_axe":1,"stat.pickup.buildcraftcore.engine":3,"stat.pickup.minecraft.chainmail_helmet":1,"stat.pickup.minecraft.stonebrick":28,"stat.drop.minecraft.dirt":6,"stat.useItem.minecraft.cooked_porkchop":19,"stat.pickup.minecraft.iron_shovel":7,"stat.mineBlock.minecraft.coal_ore":68,"stat.pickup.minecraft.shield":13,"stat.killEntity.Creeper":2,"stat.talkedToVillager":70,"stat.pickup.extrautils2.ingredients":4,"stat.craftItem.minecraft.stone_hoe":1,"stat.pickup.minecraft.wooden_sword":2,"stat.pickup.minecraft.string":38,"stat.craftItem.hammertime.itemsickleiron":1,"stat.pickup.gb.glopper":6,"stat.entityKilledBy.Skeleton":1,"stat.craftItem.minecraft.stone_slab2":0,"stat.useItem.minecraft.written_book":1,"stat.sprintOneCm":2426832,"stat.pickup.minecraft.paper":2,"stat.craftItem.minecraft.wooden_axe":1,"stat.craftItem.minecraft.stick":104,"stat.craftItem.minecraft.stone":107,"stat.pickup.minecraft.grass":1,"stat.mineBlock.minecraft.crafting_table":2,"stat.waystones:waystonesActivated":2,"stat.pickup.minecraft.leather_leggings":4,"stat.drop":57,"stat.craftItem.hammertime.itemhammeriron":1,"stat.killEntity.Sheep":1,"stat.pickup.minecraft.slime_ball":2,"stat.killEntity.Zombie":65,"stat.craftItem.minecraft.dye":16,"stat.diveOneCm":64245,"stat.pickup.minecraft.wheat":302,"stat.craftItem.minecraft.piston":1,"stat.pickup.minecraft.gravel":140,"stat.drop.minecraft.cooked_beef":2,"stat.craftItem.minecraft.cooked_porkchop":5,"stat.killEntity.Slime":4,"stat.mineBlock.minecraft.anvil":6,"stat.useItem.minecraft.apple":2,"stat.pickup.minecraft.obsidian":9,"stat.useItem.minecraft.potion":1,"stat.useItem.minecraft.rotten_flesh":6,"stat.pickup.minecraft.stone_brick_stairs":3,"stat.craftItem.travelersbackpack.backpack_tank":6,"stat.jump":8428,"stat.useItem.minecraft.sand":2,"stat.pickup.minecraft.coal":449,"stat.pickup.minecraft.iron_helmet":9,"stat.pickup.minecraft.iron_ingot":23,"stat.craftItem.minecraft.lever":1,"stat.pickup.minecraft.gunpowder":1,"stat.pickup.minecraft.spider_eye":13,"stat.craftItem.minecraft.torch":96,"stat.pickup.minecraft.dirt":463,"stat.useItem.minecraft.cooked_chicken":1,"stat.pickup.minecraft.iron_ore":188,"stat.useItem.minecraft.glass":14,"stat.pickup.minecraft.gold_ore":35,"stat.mineBlock.minecraft.iron_bars":2,"stat.pickup.buildcraftcore.fragile_fluid_shard":7,"stat.pickup.minecraft.iron_axe":7,"stat.mineBlock.minecraft.leaves2":7,"stat.pickup.minecraft.leather":79,"stat.damageTaken":9964,"stat.mineBlock.minecraft.torch":13,"stat.mineBlock.minecraft.furnace":1,"stat.mineBlock.minecraft.red_flower":6,"stat.craftItem.buildcraftcore.engine":2,"stat.drop.minecraft.water_bucket":2,"stat.pickup.minecraft.log2":687,"stat.drop.gb.gow":3,"stat.pickup.minecraft.reeds":36,"stat.craftItem.buildcraftcore.gear_wood":5,"stat.pickup.minecraft.potato":90,"stat.useItem.forge.bucketfilled":3,"stat.entityKilledBy.Zombie":2,"stat.pickup.minecraft.rabbit_hide":1,"stat.pickup.minecraft.stained_glass":16,"stat.damageDealt":30971,"stat.craftItem.minecraft.glass":106,"stat.pickup.hammertime.itemhammeriron":9,"stat.sleepInBed":7,"stat.craftItem.minecraft.baked_potato":9,"stat.killEntity.Silverfish":21,"stat.killEntity.Cow":24,"stat.craftItem.hammertime.itemaxeiron":2,"stat.pickup.minecraft.piston":3,"stat.walkOneCm":2427106,"stat.useItem.minecraft.chest":136,"stat.playerKills":3,"stat.pickup.minecraft.stick":80,"stat.useItem.gb.glopper":166,"stat.drop.minecraft.leather_chestplate":1,"stat.pickup.minecraft.stone":134,"stat.pickup.minecraft.baked_potato":27,"stat.drop.minecraft.potato":3,"stat.pickup.minecraft.ender_pearl":14,"stat.pickup.minecraft.cooked_beef":26,"stat.pickup.minecraft.gold_ingot":12,"stat.killEntity.Stray":3,"stat.killEntity.Skeleton":51,"stat.craftItem.travelersbackpack.sleeping_bag_bottom":3,"stat.mineBlock.minecraft.stonebrick":21,"stat.killEntity.Chicken":6,"stat.killEntity.Spider":20,"stat.pickup.minecraft.bread":63,"stat.pickup.gb.globette":20,"stat.mobKills":231,"stat.useItem.gb.gow":152,"stat.craftItem.minecraft.shears":1,"stat.drop.minecraft.written_book":1,"stat.pickup.minecraft.water_bucket":10,"stat.pickup.minecraft.golden_shovel":3,"stat.pickup.minecraft.diamond":28,"stat.mineBlock.minecraft.leaves":39,"stat.pickup.minecraft.torch":60,"stat.entityKilledBy.Silverfish":2,"stat.mineBlock.minecraft.redstone_ore":5,"stat.mineBlock.minecraft.stone":275}