{"stat.useItem.minecraft.bow":14,"stat.pickup.minecraft.wooden_slab":6,"stat.leaveGame":26,"stat.pickup.extrautils2.indexerremote":14,"stat.craftItem.gb.globot":50,"stat.pickup.minecraft.dark_oak_boat":1,"stat.mineBlock.minecraft.sandstone":5,"stat.killEntity.PigZombie":11,"stat.drop.minecraft.enchanted_book":1,"stat.craftItem.minecraft.shield":1,"stat.mineBlock.minecraft.web":22,"stat.mineBlock.gravestone.gravestone":21,"stat.craftItem.extrautils2.endershard":16,"stat.drop.minecraft.iron_sword":3,"stat.pickup.minecraft.rotten_flesh":948,"stat.useItem.hammertime.itemshoveliron":4,"stat.craftItem.betternether.cincinnasite_forged":26,"stat.pickup.minecraft.bucket":29,"stat.killEntity.Enderman":105,"stat.mineBlock.minecraft.wooden_slab":3,"stat.pickup.minecraft.leather_boots":14,"stat.pickup.minecraft.brown_mushroom":2,"stat.killEntity.Witch":9,"stat.mineBlock.minecraft.end_stone":100,"stat.craftItem.gb.gigger":5,"stat.useItem.minecraft.iron_pickaxe":561,"stat.pickup.minecraft.stained_hardened_clay":3,"stat.useItem.minecraft.iron_shovel":15,"stat.pickup.minecraft.double_plant":18,"stat.craftItem.minecraft.bed":1,"stat.drop.minecraft.diamond_chestplate":1,"stat.mineBlock.minecraft.vine":4,"stat.mineBlock.minecraft.hopper":4,"stat.pickup.buildcrafttransport.pipe_stone_item":3,"stat.pickup.minecraft.wooden_shovel":1,"stat.furnaceInteraction":262,"stat.killEntity.ZombieVillager":32,"stat.mineBlock.betternether.orange_mushroom":1,"stat.pickup.extrautils2.enderlilly":15,"stat.pickup.minecraft.nether_brick":157,"stat.drop.minecraft.red_flower":1,"stat.drop.gb.glob":1,"stat.useItem.minecraft.end_stone":289,"stat.pickup.minecraft.beef":67,"stat.pickup.hammertime.itemsickleiron":10,"stat.pickup.betternether.eye_seed":1,"stat.pickup.minecraft.hay_block":124,"stat.pickup.minecraft.leather_helmet":10,"stat.mineBlock.minecraft.stained_hardened_clay":1,"stat.pickup.betternether.gray_mold":1,"stat.pickup.minecraft.potion":11,"stat.pickup.mowziesmobs.barakoa_mask_rage":2,"stat.useItem.minecraft.wheat_seeds":514,"stat.killEntity.Husk":20,"stat.pickup.minecraft.emerald":7,"stat.craftItem.betternether.cincinnasite_axe":2,"stat.craftItem.hammertime.itemshoveliron":2,"stat.useItem.minecraft.beef":3,"stat.craftItem.minecraft.dark_oak_boat":1,"stat.pickup.minecraft.lever":4,"stat.drop.gb.gigger":1,"stat.deaths":21,"stat.pickup.minecraft.bowl":1,"stat.pickup.minecraft.egg":2,"stat.mineBlock.minecraft.stone_pressure_plate":1,"stat.useItem.minecraft.nether_brick":76,"stat.craftItem.minecraft.iron_pickaxe":1,"stat.drop.minecraft.torch":1,"stat.drop.minecraft.glass_bottle":1,"stat.mineBlock.minecraft.tallgrass":143,"stat.drop.gb.gring15":1,"stat.chestOpened":489,"stat.useItem.minecraft.stone":83,"stat.drop.extrautils2.indexerremote":2,"stat.pickup.minecraft.iron_sword":16,"stat.pickup.minecraft.arrow":874,"stat.killEntity.Ghast":1,"stat.killEntity.Vex":1,"stat.pickup.minecraft.gold_nugget":3,"stat.craftItem.minecraft.coal":90,"stat.useItem.hammertime.itemhammeriron":2,"stat.drop.minecraft.iron_pickaxe":2,"stat.pickup.minecraft.carrot":75,"stat.crouchOneCm":75391,"stat.mineBlock.minecraft.chest":16,"stat.pickup.minecraft.rail":18,"stat.craftItem.minecraft.iron_ingot":428,"stat.craftingTableInteraction":103,"stat.craftItem.extrautils2.decorativesolid":44,"stat.craftItem.hammertime.itemsicklediamond":1,"stat.mineBlock.minecraft.log2":9,"stat.pickup.minecraft.wooden_pickaxe":2,"stat.useItem.minecraft.reeds":3,"stat.craftItem.buildcraftcore.gear_iron":1,"stat.pickup.minecraft.dye":36,"stat.pickup.minecraft.planks":110,"stat.pickup.minecraft.wheat_seeds":1185,"stat.mineBlock.betternether.gray_mold":1,"stat.mineBlock.betternether.nether_mycelium":3,"stat.mineBlock.minecraft.dirt":61,"stat.pickup.minecraft.poisonous_potato":1,"stat.drop.mowziesmobs.barakoa_mask_fear":1,"stat.drop.minecraft.paper":26,"stat.useItem.minecraft.bread":296,"stat.pickup.minecraft.brewing_stand":1,"stat.drop.minecraft.rotten_flesh":27,"stat.useItem.minecraft.cobblestone":693,"stat.mineBlock.minecraft.double_plant":5,"stat.mineBlock.betternether.cincinnasite_ore":17,"stat.pickup.minecraft.iron_pickaxe":29,"stat.craftItem.minecraft.gold_ingot":291,"stat.drop.minecraft.sapling":1,"stat.pickup.minecraft.hopper":3,"stat.pickup.minecraft.chicken":7,"stat.pickup.minecraft.tipped_arrow":4,"stat.pickup.minecraft.apple":2,"stat.pickup.minecraft.end_stone":1040,"stat.pickup.minecraft.coal_block":6,"stat.craftItem.minecraft.bucket":9,"stat.craftItem.minecraft.planks":132,"stat.useItem.minecraft.iron_sword":504,"stat.itemEnchanted":4,"stat.mineBlock.buildcrafttransport.pipe_void_fluid":4,"stat.craftItem.torcherino.blocktorcherino":1,"stat.useItem.minecraft.stonebrick":13,"stat.pickup.minecraft.book":35,"stat.mineBlock.minecraft.log":12,"stat.pickup.minecraft.iron_door":8,"stat.drop.minecraft.leather_leggings":1,"stat.mineBlock.extrautils2.enderlilly":6,"stat.craftItem.minecraft.paper":108,"stat.pickup.minecraft.red_flower":45,"stat.pickup.minecraft.red_nether_brick":18,"stat.pickup.minecraft.wool":35,"stat.useItem.minecraft.wooden_axe":33,"stat.pickup.extrautils2.pipe":149,"stat.cakeSlicesEaten":14,"stat.craftItem.minecraft.diamond_leggings":1,"stat.useItem.minecraft.iron_axe":151,"stat.mineBlock.minecraft.cobblestone":61,"stat.pickup.minecraft.flint":145,"stat.mineBlock.minecraft.yellow_flower":2,"stat.entityKilledBy.Witch":1,"stat.pickup.gb.globette3":1,"stat.mineBlock.betternether.barrel_cactus":3,"stat.killEntity.firefly":5,"stat.pickup.minecraft.leather_chestplate":12,"stat.craftItem.minecraft.wool":6,"stat.craftItem.gb.glopper":2,"stat.craftItem.minecraft.clock":4,"stat.mineBlock.betternether.nether_cactus":5,"stat.pickup.minecraft.enchanted_book":22,"stat.pickup.gb.globette2":2,"stat.pickup.minecraft.cooked_porkchop":9,"stat.useItem.minecraft.obsidian":13,"stat.useItem.minecraft.stone_slab2":108,"stat.pickup.minecraft.bow":32,"stat.pickup.minecraft.iron_boots":13,"stat.pickup.minecraft.stone_hoe":6,"stat.craftItem.minecraft.furnace":4,"stat.pickup.gb.globot_chestplate":3,"stat.drop.minecraft.golden_helmet":1,"stat.pickup.minecraft.golden_axe":3,"stat.useItem.betternether.nether_reed":3,"stat.craftItem.minecraft.iron_boots":2,"stat.pickup.gb.gow":18,"stat.pickup.betternether.nether_reed":54,"stat.craftItem.minecraft.cooked_beef":56,"stat.mineBlock.minecraft.obsidian":7,"stat.pickup.minecraft.shears":3,"stat.pickup.minecraft.diamond_leggings":5,"stat.craftItem.gb.gobber_staff4":1,"stat.flyOneCm":2500901,"stat.drop.minecraft.iron_helmet":2,"stat.craftItem.extrautils2.passivegenerator":66,"stat.pickup.minecraft.nether_brick_stairs":10,"stat.pickup.mowziesmobs.glowing_jelly":1,"stat.craftItem.extrautils2.grocket":8,"stat.craftItem.minecraft.stained_glass":8,"stat.craftItem.gb.globot_chestplate":2,"stat.timeSinceDeath":384300,"stat.drop.minecraft.spider_eye":1,"stat.craftItem.minecraft.iron_block":4,"stat.killEntity.Bat":3,"stat.pickup.travelersbackpack.travelers_backpack":18,"stat.useItem.minecraft.potato":69,"stat.pickup.betternether.red_mold":1,"stat.pickup.buildcraftcore.engine":3,"stat.pickup.minecraft.chainmail_helmet":3,"stat.pickup.minecraft.nether_wart":119,"stat.mineBlock.minecraft.coal_ore":148,"stat.pickup.minecraft.shield":52,"stat.killEntity.Creeper":42,"stat.talkedToVillager":117,"stat.pickup.extrautils2.ingredients":4,"stat.craftItem.minecraft.stone_hoe":1,"stat.pickup.minecraft.wooden_sword":2,"stat.pickup.minecraft.string":361,"stat.craftItem.hammertime.itemsickleiron":2,"stat.mineBlock.betternether.smoker":1,"stat.pickup.extrautils2.glasscutter":1,"stat.entityKilledBy.Skeleton":2,"stat.useItem.minecraft.written_book":1,"stat.sprintOneCm":5482787,"stat.mineBlock.minecraft.stone_slab":2,"stat.craftItem.minecraft.wooden_axe":1,"stat.pickup.extrautils2.passivegenerator":5,"stat.mineBlock.minecraft.diamond_ore":17,"stat.pickup.minecraft.fireworks":1,"stat.pickup.mowziesmobs.barakoa_mask_fear":2,"stat.pickup.extrautils2.decorativesolid":4,"stat.waystones:waystonesActivated":5,"stat.pickup.minecraft.leather_leggings":13,"stat.craftItem.gb.gring18":1,"stat.killEntity.Zombie":559,"stat.craftItem.minecraft.dye":75,"stat.craftItem.gb.gring21":2,"stat.mineBlock.minecraft.gold_ore":4,"stat.diveOneCm":101369,"stat.pickup.minecraft.wheat":557,"stat.useItem.gb.gow3":617,"stat.mineBlock.minecraft.mossy_cobblestone":4,"stat.craftItem.minecraft.cooked_porkchop":5,"stat.pickup.minecraft.obsidian":15,"stat.useItem.minecraft.rotten_flesh":7,"stat.pickup.betternether.black_bush":2,"stat.jump":17901,"stat.useItem.minecraft.sand":2,"stat.pickup.minecraft.coal":660,"stat.pickup.minecraft.iron_ingot":34,"stat.useItem.minecraft.dark_oak_boat":2,"stat.craftItem.minecraft.lever":1,"stat.pickup.betternether.cincinnasite_pickaxe_diamond":4,"stat.pickup.minecraft.gunpowder":96,"stat.craftItem.minecraft.torch":712,"stat.pickup.minecraft.dirt":547,"stat.mineBlock.minecraft.purpur_block":8,"stat.useItem.minecraft.glass":14,"stat.pickup.minecraft.stone_shovel":1,"stat.pickup.minecraft.gold_ore":55,"stat.mineBlock.minecraft.lapis_ore":3,"stat.pickup.minecraft.iron_axe":11,"stat.mineBlock.betternether.bone_block":1,"stat.pickup.mowziesmobs.painted_acacia":2,"stat.mineBlock.minecraft.glass_pane":1,"stat.brewingstandInteraction":1,"stat.damageTaken":29700,"stat.mineBlock.minecraft.torch":23,"stat.mineBlock.minecraft.red_flower":17,"stat.craftItem.buildcraftcore.engine":2,"stat.pickup.minecraft.ender_eye":13,"stat.pickup.minecraft.log2":922,"stat.entityKilledBy.ZombieVillager":1,"stat.craftItem.buildcraftcore.gear_wood":5,"stat.pickup.minecraft.quartz_block":41,"stat.pickup.minecraft.potato":143,"stat.useItem.forge.bucketfilled":5,"stat.killEntity.Shulker":23,"stat.entityKilledBy.Zombie":5,"stat.pickup.minecraft.rabbit_hide":1,"stat.mineBlock.torcherino.blocktorcherino":1,"stat.pickup.hammertime.itemhammeriron":17,"stat.killEntity.Silverfish":34,"stat.pickup.minecraft.record_wait":1,"stat.pickup.minecraft.shulker_shell":9,"stat.animalsBred":2,"stat.useItem.minecraft.chest":141,"stat.pickup.minecraft.diamond_pickaxe":5,"stat.craftItem.gb.globot3":64,"stat.useItem.minecraft.lava_bucket":52,"stat.pickup.mowziesmobs.barako_mask":6,"stat.craftItem.minecraft.iron_chestplate":2,"stat.craftItem.hammertime.itemhammerdiamond":1,"stat.pickup.minecraft.baked_potato":116,"stat.useItem.extrautils2.compoundbow":12,"stat.drop.minecraft.potato":3,"stat.pickup.minecraft.ender_pearl":124,"stat.pickup.minecraft.cooked_beef":26,"stat.killEntity.Stray":9,"stat.useItem.minecraft.netherrack":444,"stat.craftItem.travelersbackpack.sleeping_bag_bottom":3,"stat.mineBlock.minecraft.tnt":3,"stat.mineBlock.minecraft.stonebrick":36,"stat.mineBlock.betternether.bone_mushroom":1,"stat.mineBlock.waystones.waystone":1,"stat.mineBlock.minecraft.glowstone":4,"stat.mobKills":1603,"stat.pickup.minecraft.diamond_boots":5,"stat.mineBlock.minecraft.bookshelf":2,"stat.craftItem.minecraft.shears":1,"stat.drop.minecraft.written_book":1,"stat.useItem.gb.gigger":5,"stat.pickup.minecraft.diamond":76,"stat.pickup.minecraft.torch":687,"stat.entityKilledBy.Silverfish":2,"stat.drop.minecraft.diamond_shovel":1,"stat.drop.minecraft.arrow":2,"stat.craftItem.minecraft.iron_axe":1,"stat.killEntity.Blaze":121,"stat.pickup.gravestone.death_info":14,"stat.drop.minecraft.shield":1,"stat.mineBlock.betternether.nether_reed":23,"stat.craftItem.waystones.waystone":6,"stat.pickup.minecraft.golden_boots":2,"stat.pickup.minecraft.glowstone_dust":19,"stat.pickup.gb.glob":52,"stat.drop.minecraft.bowl":2,"stat.pickup.minecraft.porkchop":1,"stat.pickup.minecraft.glass":74,"stat.useItem.minecraft.water_bucket":114,"stat.drop.travelersbackpack.travelers_backpack":1,"stat.mineBlock.minecraft.stone_brick_stairs":1,"stat.pickup.gb.globot":46,"stat.mineBlock.minecraft.nether_brick_fence":6,"stat.pickup.gb.globot_leggings":4,"stat.pickup.minecraft.sand":410,"stat.mineBlock.gb.glucky_block":16,"stat.pickup.betternether.egg_plant":74,"stat.useItem.minecraft.red_nether_brick":6,"stat.craftItem.waystones.warp_stone":6,"stat.aviateOneCm":157819,"stat.craftItem.buildcraftcore.gear_diamond":1,"stat.drop.gb.glopper":2,"stat.pickup.betternether.smoker":14,"stat.useItem.minecraft.ender_pearl":49,"stat.pickup.minecraft.chainmail_chestplate":3,"stat.pickup.mowziesmobs.barakoa_mask_misery":2,"stat.mineBlock.minecraft.sand":35,"stat.craftItem.extrautils2.resonator":1,"stat.pickup.betternether.wart_seed":4,"stat.craftItem.minecraft.blaze_powder":14,"stat.hopperInspected":6,"stat.craftItem.gb.globot_leggings":2,"stat.trappedChestTriggered":6,"stat.pickup.gb.globot_boots":3,"stat.drop.gravestone.death_info":26,"stat.pickup.betternether.orange_mushroom":6,"stat.craftItem.gb.gring":3,"stat.craftItem.betternether.cincinnasite_axe_diamond":2,"stat.pickup.hammertime.itemshoveliron":9,"stat.craftItem.gb.globot_raw":54,"stat.pickup.betternether.cincinnasite_bricks_pillar":1,"stat.useItem.extrautils2.pipe":132,"stat.pickup.minecraft.furnace":1,"stat.useItem.minecraft.redstone":1,"stat.pickup.minecraft.totem_of_undying":1,"stat.pickup.betternether.black_apple":14,"stat.mineBlock.minecraft.end_bricks":15,"stat.craftItem.travelersbackpack.travelers_backpack":4,"stat.pickup.minecraft.iron_chestplate":23,"stat.pickup.minecraft.skull":1,"stat.mineBlock.extrautils2.passivegenerator":1,"stat.useItem.extrautils2.indexerremote":2,"stat.pickup.minecraft.saddle":4,"stat.mineBlock.minecraft.soul_sand":12,"stat.useItem.twilightforest.triple_bow":7,"stat.playOneMinute":2205823,"stat.pickup.minecraft.blaze_rod":60,"stat.drop.minecraft.string":3,"stat.useItem.hammertime.itemaxeiron":7,"stat.useItem.minecraft.shears":1,"stat.pickup.minecraft.iron_bars":53,"stat.pickup.minecraft.netherrack":2127,"stat.pickup.hammertime.itemaxeiron":16,"stat.craftItem.gb.globot_rod":21,"stat.recordPlayed":4,"stat.mineBlock.minecraft.netherrack":394,"stat.craftItem.buildcraftcore.gear_gold":1,"stat.mineBlock.minecraft.gold_block":1,"stat.fallOneCm":317026,"stat.pickup.minecraft.melon_seeds":16,"stat.craftItem.minecraft.chest":134,"stat.mineBlock.minecraft.lever":1,"stat.pickup.minecraft.red_mushroom":3,"stat.pickup.minecraft.golden_leggings":5,"stat.dropperInspected":4,"stat.pickup.betternether.barrel_cactus":2,"stat.pickup.minecraft.feather":11,"stat.drop.minecraft.bone":3,"stat.pickup.betternether.ink_bush_seed":9,"stat.mineBlock.minecraft.red_nether_brick":31,"stat.craftItem.extrautils2.ingredients":8,"stat.pickup.minecraft.iron_leggings":12,"stat.useItem.hammertime.itemsickleiron":20,"stat.mineBlock.minecraft.gravel":7,"stat.pickup.waystones.waystone":2,"stat.craftItem.minecraft.iron_leggings":3,"stat.pickup.betternether.cincinnasite":131,"stat.craftItem.buildcraftcore.gear_stone":1,"stat.killEntity.Rabbit":2,"stat.drop.minecraft.reeds":2,"stat.pickup.minecraft.chainmail_boots":14,"stat.useItem.minecraft.iron_bars":1,"stat.pickup.minecraft.record_13":2,"stat.mineBlock.minecraft.monster_egg":3,"stat.pickup.minecraft.record_11":2,"stat.useItem.minecraft.torch":1174,"stat.useItem.twilightforest.ender_bow":7,"stat.craftItem.betternether.cincinnasite_pickaxe":2,"stat.useItem.extrautils2.grocket":2,"stat.pickup.minecraft.crafting_table":2,"stat.craftItem.minecraft.crafting_table":4,"stat.pickup.gb.gigger":5,"stat.useItem.betternether.cincinnasite_axe_diamond":4,"stat.killEntity.LavaSlime":4,"stat.pickup.extrautils2.grocket":8,"stat.mineBlock.minecraft.emerald_ore":2,"stat.pickup.minecraft.log":119,"stat.drop.minecraft.stonebrick":1,"stat.pickup.usefulbackpacks.backpack":6,"stat.craftItem.usefulbackpacks.backpack":3,"stat.pickup.minecraft.chainmail_leggings":1,"stat.pickup.minecraft.sapling":35,"stat.pickup.minecraft.wooden_door":1,"stat.pickup.minecraft.beetroot":4,"stat.pickup.minecraft.diamond_helmet":2,"stat.killEntity.WitherSkeleton":25,"stat.craftItem.minecraft.cooked_chicken":6,"stat.useItem.minecraft.stone_hoe":83,"stat.craftItem.gb.glob":1,"stat.craftItem.buildcraftsilicon.assembly_table":1,"stat.pickup.betternether.nether_mycelium":3,"stat.sneakTime":38569,"stat.pickup.minecraft.rabbit":2,"stat.drop.minecraft.bucket":5,"stat.pickup.minecraft.rabbit_stew":2,"stat.useItem.minecraft.baked_potato":97,"stat.pickup.minecraft.stone_slab":9,"stat.pickup.minecraft.yellow_flower":1,"stat.mineBlock.minecraft.jukebox":2,"stat.pickup.minecraft.chest":193,"stat.craftItem.minecraft.enchanting_table":10,"stat.craftItem.minecraft.diamond_chestplate":1,"stat.pickup.minecraft.bone":559,"stat.useItem.minecraft.mushroom_stew":1,"stat.pickup.minecraft.redstone_torch":3,"stat.pickup.minecraft.stone_pressure_plate":2,"stat.horseOneCm":1258178,"stat.pickup.minecraft.lit_pumpkin":1,"stat.useItem.minecraft.log2":12,"stat.mineBlock.mowziesmobs.painted_acacia":2,"stat.craftItem.minecraft.diamond_helmet":1,"stat.craftItem.extrautils2.glasscutter":1,"stat.swimOneCm":187879,"stat.climbOneCm":23970,"stat.mineBlock.gb.gobber_ore":4,"stat.enderchestOpened":1,"stat.useItem.minecraft.dirt":132,"stat.pickup.minecraft.golden_helmet":10,"stat.mineBlock.betternether.nether_grass":11,"stat.pickup.minecraft.purpur_block":1,"stat.pickup.minecraft.enchanting_table":2,"stat.pickup.minecraft.anvil":6,"stat.useItem.betternether.cincinnasite_pickaxe_diamond":824,"stat.drop.minecraft.ender_pearl":1,"stat.mineBlock.minecraft.magma":5,"stat.pickup.minecraft.cobblestone":6059,"stat.mineBlock.buildcraftcore.engine":3,"stat.mineBlock.minecraft.carpet":2,"stat.pickup.minecraft.gold_block":4,"stat.mineBlock.minecraft.redstone_block":1,"stat.pickup.minecraft.glass_bottle":5,"stat.pickup.minecraft.soul_sand":93,"stat.useItem.minecraft.cooked_beef":61,"stat.pickup.minecraft.golden_pickaxe":1,"stat.pickup.minecraft.redstone":161,"stat.mineBlock.minecraft.iron_ore":29,"stat.craftItem.minecraft.book":1,"stat.pickup.minecraft.mutton":7,"stat.pickup.minecraft.mossy_cobblestone":1,"stat.pickup.minecraft.wooden_axe":1,"stat.mineBlock.minecraft.coal_block":2,"stat.pickup.minecraft.stonebrick":83,"stat.drop.minecraft.dirt":6,"stat.useItem.minecraft.cooked_porkchop":19,"stat.pickup.minecraft.iron_shovel":12,"stat.pickup.minecraft.carpet":2,"stat.pickup.minecraft.diamond_shovel":2,"stat.mineBlock.minecraft.nether_brick":115,"stat.mineBlock.betternether.black_bush":1,"stat.pickup.gb.glopper":17,"stat.mineBlock.betternether.agave":3,"stat.pickup.betternether.cincinnasite_axe_diamond":4,"stat.craftItem.minecraft.stone_slab2":0,"stat.drop.hammertime.itemsickleiron":1,"stat.pickup.minecraft.paper":28,"stat.craftItem.minecraft.stick":376,"stat.useItem.extrautils2.passivegenerator":64,"stat.useItem.minecraft.stone_slab":187,"stat.useItem.gb.gobber_staff4":7,"stat.craftItem.minecraft.stone":136,"stat.pickup.minecraft.grass":2,"stat.mineBlock.minecraft.crafting_table":2,"stat.useItem.minecraft.diamond_pickaxe":615,"stat.mineBlock.minecraft.quartz_block":92,"stat.useItem.minecraft.ender_eye":25,"stat.pickup.minecraft.diamond_chestplate":6,"stat.pickup.gb.gring18":5,"stat.pickup.gb.gring15":5,"stat.drop":147,"stat.pickup.minecraft.stone_button":2,"stat.pickup.minecraft.jukebox":3,"stat.craftItem.hammertime.itemhammeriron":1,"stat.killEntity.Sheep":6,"stat.pickup.minecraft.slime_ball":2,"stat.pickup.minecraft.golden_chestplate":1,"stat.mineBlock.betternether.red_mold":1,"stat.craftItem.minecraft.piston":1,"stat.pickup.minecraft.gravel":175,"stat.drop.minecraft.cooked_beef":2,"stat.killEntity.EvocationIllager":1,"stat.killEntity.Slime":13,"stat.mineBlock.minecraft.anvil":7,"stat.useItem.minecraft.apple":2,"stat.useItem.minecraft.potion":2,"stat.pickup.minecraft.stone_brick_stairs":3,"stat.pickup.minecraft.diamond_sword":2,"stat.mineBlock.minecraft.purpur_pillar":6,"stat.craftItem.travelersbackpack.backpack_tank":6,"stat.pickup.minecraft.iron_helmet":27,"stat.pickup.minecraft.spider_eye":130,"stat.craftItem.minecraft.iron_helmet":3,"stat.pickup.minecraft.experience_bottle":1,"stat.useItem.minecraft.cooked_chicken":1,"stat.pickup.minecraft.iron_ore":215,"stat.boatOneCm":70254,"stat.mineBlock.minecraft.iron_bars":22,"stat.pickup.buildcraftcore.fragile_fluid_shard":7,"stat.mineBlock.minecraft.leaves2":9,"stat.pickup.minecraft.leather":142,"stat.craftItem.betternether.cincinnasite_pickaxe_diamond":2,"stat.mineBlock.minecraft.furnace":1,"stat.dispenserInspected":4,"stat.craftItem.gb.globot_helmet":3,"stat.drop.minecraft.water_bucket":2,"stat.pickup.betternether.nether_cactus":5,"stat.drop.gb.gow":3,"stat.pickup.minecraft.reeds":156,"stat.killEntity.CaveSpider":1,"stat.pickup.minecraft.stained_glass":16,"stat.craftItem.securitycraft.universal_block_modifier":1,"stat.damageDealt":128798,"stat.craftItem.minecraft.glass":106,"stat.sleepInBed":9,"stat.craftItem.minecraft.baked_potato":161,"stat.craftItem.minecraft.anvil":1,"stat.mineBlock.minecraft.nether_brick_stairs":7,"stat.killEntity.Cow":32,"stat.killEntity.Pig":2,"stat.craftItem.hammertime.itemaxeiron":3,"stat.pickup.minecraft.piston":3,"stat.walkOneCm":7238092,"stat.craftItem.gb.globot_boots":2,"stat.playerKills":6,"stat.useItem.hammertime.itemsicklediamond":12,"stat.pickup.minecraft.stick":253,"stat.useItem.gb.glopper":1474,"stat.craftItem.minecraft.diamond_boots":1,"stat.pickup.minecraft.tnt":1,"stat.drop.minecraft.leather_chestplate":1,"stat.drop.minecraft.iron_chestplate":1,"stat.pickup.minecraft.stone":1112,"stat.pickup.torcherino.blocktorcherino":2,"stat.pickup.betternether.bone_mushroom":18,"stat.drop.minecraft.diamond_leggings":1,"stat.pickup.minecraft.chorus_fruit":31,"stat.pickup.minecraft.gold_ingot":84,"stat.mineBlock.betternether.netherrack_moss":11,"stat.killEntity.Skeleton":301,"stat.killEntity.Chicken":7,"stat.killEntity.Spider":170,"stat.pickup.minecraft.bread":165,"stat.mineBlock.minecraft.quartz_ore":11,"stat.craftItem.minecraft.tnt":5,"stat.pickup.gb.globette":22,"stat.pickup.gb.globot_helmet":5,"stat.drop.minecraft.diamond_boots":1,"stat.useItem.gb.gow":946,"stat.pickup.minecraft.quartz":1,"stat.useItem.minecraft.golden_apple":1,"stat.pickup.minecraft.water_bucket":10,"stat.pickup.minecraft.golden_shovel":3,"stat.mineBlock.minecraft.leaves":56,"stat.mineBlock.betternether.egg_plant":51,"stat.mineBlock.minecraft.redstone_ore":5,"stat.pickup.minecraft.elytra":2,"stat.craftItem.minecraft.coal_block":1,"stat.mineBlock.minecraft.hay_block":127,"stat.mineBlock.minecraft.stone":394}