{"stat.useItem.minecraft.bow":14,"stat.pickup.minecraft.wooden_slab":4,"stat.leaveGame":16,"stat.pickup.extrautils2.indexerremote":13,"stat.craftItem.gb.globot":50,"stat.mineBlock.minecraft.sandstone":5,"stat.craftItem.minecraft.shield":1,"stat.mineBlock.gravestone.gravestone":15,"stat.craftItem.extrautils2.endershard":16,"stat.drop.minecraft.iron_sword":3,"stat.pickup.minecraft.rotten_flesh":358,"stat.useItem.hammertime.itemshoveliron":4,"stat.pickup.minecraft.bucket":28,"stat.killEntity.Enderman":90,"stat.mineBlock.minecraft.wooden_slab":2,"stat.pickup.minecraft.leather_boots":6,"stat.killEntity.Witch":2,"stat.craftItem.gb.gigger":5,"stat.useItem.minecraft.iron_pickaxe":561,"stat.useItem.minecraft.iron_shovel":15,"stat.pickup.minecraft.double_plant":18,"stat.craftItem.minecraft.bed":1,"stat.mineBlock.minecraft.vine":1,"stat.pickup.buildcrafttransport.pipe_stone_item":3,"stat.furnaceInteraction":240,"stat.killEntity.ZombieVillager":13,"stat.mineBlock.betternether.orange_mushroom":1,"stat.pickup.extrautils2.enderlilly":2,"stat.drop.minecraft.red_flower":1,"stat.drop.gb.glob":1,"stat.pickup.minecraft.beef":58,"stat.pickup.hammertime.itemsickleiron":10,"stat.pickup.betternether.eye_seed":1,"stat.pickup.minecraft.leather_helmet":2,"stat.pickup.minecraft.potion":3,"stat.useItem.minecraft.wheat_seeds":463,"stat.killEntity.Husk":8,"stat.pickup.minecraft.emerald":3,"stat.craftItem.hammertime.itemshoveliron":2,"stat.pickup.minecraft.lever":2,"stat.deaths":16,"stat.pickup.minecraft.bowl":1,"stat.pickup.minecraft.egg":2,"stat.useItem.minecraft.nether_brick":35,"stat.craftItem.minecraft.iron_pickaxe":1,"stat.drop.minecraft.torch":1,"stat.mineBlock.minecraft.tallgrass":126,"stat.drop.gb.gring15":1,"stat.chestOpened":299,"stat.useItem.minecraft.stone":83,"stat.drop.extrautils2.indexerremote":2,"stat.pickup.minecraft.iron_sword":13,"stat.pickup.minecraft.arrow":434,"stat.killEntity.Ghast":1,"stat.craftItem.minecraft.coal":90,"stat.useItem.hammertime.itemhammeriron":2,"stat.drop.minecraft.iron_pickaxe":2,"stat.pickup.minecraft.carrot":70,"stat.crouchOneCm":53881,"stat.mineBlock.minecraft.chest":16,"stat.pickup.minecraft.rail":18,"stat.craftItem.minecraft.iron_ingot":428,"stat.craftingTableInteraction":89,"stat.craftItem.extrautils2.decorativesolid":44,"stat.mineBlock.minecraft.log2":9,"stat.useItem.minecraft.reeds":3,"stat.craftItem.buildcraftcore.gear_iron":1,"stat.pickup.minecraft.dye":14,"stat.pickup.minecraft.planks":109,"stat.pickup.minecraft.wheat_seeds":934,"stat.mineBlock.minecraft.dirt":59,"stat.pickup.minecraft.poisonous_potato":1,"stat.drop.minecraft.paper":26,"stat.useItem.minecraft.bread":147,"stat.drop.minecraft.rotten_flesh":22,"stat.useItem.minecraft.cobblestone":666,"stat.mineBlock.minecraft.double_plant":4,"stat.mineBlock.betternether.cincinnasite_ore":7,"stat.pickup.minecraft.iron_pickaxe":27,"stat.craftItem.minecraft.gold_ingot":191,"stat.drop.minecraft.sapling":1,"stat.pickup.minecraft.chicken":7,"stat.pickup.minecraft.tipped_arrow":3,"stat.pickup.minecraft.apple":2,"stat.craftItem.minecraft.bucket":9,"stat.craftItem.minecraft.planks":124,"stat.useItem.minecraft.iron_sword":504,"stat.itemEnchanted":1,"stat.mineBlock.buildcrafttransport.pipe_void_fluid":4,"stat.useItem.minecraft.stonebrick":7,"stat.mineBlock.minecraft.log":10,"stat.craftItem.minecraft.paper":108,"stat.pickup.minecraft.red_flower":35,"stat.pickup.minecraft.wool":33,"stat.useItem.minecraft.wooden_axe":33,"stat.pickup.extrautils2.pipe":149,"stat.cakeSlicesEaten":10,"stat.craftItem.minecraft.diamond_leggings":1,"stat.useItem.minecraft.iron_axe":151,"stat.mineBlock.minecraft.cobblestone":50,"stat.pickup.minecraft.flint":144,"stat.mineBlock.minecraft.yellow_flower":2,"stat.entityKilledBy.Witch":1,"stat.mineBlock.betternether.barrel_cactus":3,"stat.pickup.minecraft.leather_chestplate":5,"stat.craftItem.minecraft.wool":6,"stat.craftItem.gb.glopper":2,"stat.mineBlock.betternether.nether_cactus":5,"stat.pickup.minecraft.enchanted_book":5,"stat.pickup.gb.globette2":2,"stat.pickup.minecraft.cooked_porkchop":9,"stat.useItem.minecraft.obsidian":9,"stat.useItem.minecraft.stone_slab2":79,"stat.pickup.minecraft.bow":26,"stat.pickup.minecraft.iron_boots":6,"stat.pickup.minecraft.stone_hoe":6,"stat.craftItem.minecraft.furnace":4,"stat.drop.minecraft.golden_helmet":1,"stat.pickup.minecraft.golden_axe":3,"stat.craftItem.minecraft.iron_boots":2,"stat.pickup.gb.gow":12,"stat.craftItem.minecraft.cooked_beef":56,"stat.pickup.minecraft.shears":3,"stat.flyOneCm":1601470,"stat.craftItem.extrautils2.passivegenerator":66,"stat.craftItem.extrautils2.grocket":8,"stat.craftItem.minecraft.stained_glass":8,"stat.timeSinceDeath":155745,"stat.drop.minecraft.spider_eye":1,"stat.craftItem.minecraft.iron_block":1,"stat.killEntity.Bat":1,"stat.pickup.travelersbackpack.travelers_backpack":14,"stat.useItem.minecraft.potato":69,"stat.pickup.buildcraftcore.engine":3,"stat.pickup.minecraft.chainmail_helmet":1,"stat.pickup.minecraft.nether_wart":84,"stat.mineBlock.minecraft.coal_ore":69,"stat.pickup.minecraft.shield":18,"stat.killEntity.Creeper":21,"stat.talkedToVillager":93,"stat.pickup.extrautils2.ingredients":4,"stat.craftItem.minecraft.stone_hoe":1,"stat.pickup.minecraft.wooden_sword":2,"stat.pickup.minecraft.string":81,"stat.craftItem.hammertime.itemsickleiron":2,"stat.mineBlock.betternether.smoker":1,"stat.pickup.extrautils2.glasscutter":1,"stat.entityKilledBy.Skeleton":1,"stat.useItem.minecraft.written_book":1,"stat.sprintOneCm":3775893,"stat.mineBlock.minecraft.stone_slab":2,"stat.craftItem.minecraft.wooden_axe":1,"stat.pickup.extrautils2.passivegenerator":5,"stat.mineBlock.minecraft.diamond_ore":17,"stat.pickup.extrautils2.decorativesolid":4,"stat.waystones:waystonesActivated":3,"stat.pickup.minecraft.leather_leggings":4,"stat.craftItem.gb.gring18":1,"stat.killEntity.Zombie":232,"stat.craftItem.minecraft.dye":53,"stat.mineBlock.minecraft.gold_ore":4,"stat.diveOneCm":81895,"stat.pickup.minecraft.wheat":426,"stat.useItem.gb.gow3":3,"stat.craftItem.minecraft.cooked_porkchop":5,"stat.pickup.minecraft.obsidian":9,"stat.useItem.minecraft.rotten_flesh":6,"stat.pickup.betternether.black_bush":2,"stat.jump":12349,"stat.useItem.minecraft.sand":2,"stat.pickup.minecraft.coal":576,"stat.pickup.minecraft.iron_ingot":33,"stat.craftItem.minecraft.lever":1,"stat.pickup.minecraft.gunpowder":46,"stat.craftItem.minecraft.torch":712,"stat.pickup.minecraft.dirt":543,"stat.useItem.minecraft.glass":14,"stat.pickup.minecraft.gold_ore":55,"stat.mineBlock.minecraft.lapis_ore":3,"stat.pickup.minecraft.iron_axe":7,"stat.mineBlock.betternether.bone_block":1,"stat.mineBlock.minecraft.glass_pane":1,"stat.damageTaken":17786,"stat.mineBlock.minecraft.torch":13,"stat.mineBlock.minecraft.red_flower":6,"stat.craftItem.buildcraftcore.engine":2,"stat.pickup.minecraft.log2":876,"stat.craftItem.buildcraftcore.gear_wood":5,"stat.pickup.minecraft.potato":140,"stat.useItem.forge.bucketfilled":5,"stat.entityKilledBy.Zombie":3,"stat.pickup.minecraft.rabbit_hide":1,"stat.pickup.hammertime.itemhammeriron":13,"stat.killEntity.Silverfish":31,"stat.animalsBred":2,"stat.useItem.minecraft.chest":136,"stat.pickup.minecraft.diamond_pickaxe":2,"stat.useItem.minecraft.lava_bucket":51,"stat.craftItem.minecraft.iron_chestplate":2,"stat.pickup.minecraft.baked_potato":78,"stat.useItem.extrautils2.compoundbow":12,"stat.drop.minecraft.potato":3,"stat.pickup.minecraft.ender_pearl":50,"stat.pickup.minecraft.cooked_beef":26,"stat.killEntity.Stray":3,"stat.useItem.minecraft.netherrack":185,"stat.craftItem.travelersbackpack.sleeping_bag_bottom":3,"stat.mineBlock.minecraft.stonebrick":21,"stat.mineBlock.betternether.bone_mushroom":1,"stat.mobKills":722,"stat.craftItem.minecraft.shears":1,"stat.drop.minecraft.written_book":1,"stat.useItem.gb.gigger":1,"stat.pickup.minecraft.diamond":70,"stat.pickup.minecraft.torch":445,"stat.entityKilledBy.Silverfish":2,"stat.drop.minecraft.arrow":2,"stat.craftItem.minecraft.iron_axe":1,"stat.killEntity.Blaze":86,"stat.pickup.gravestone.death_info":10,"stat.craftItem.waystones.waystone":3,"stat.pickup.minecraft.golden_boots":2,"stat.pickup.minecraft.glowstone_dust":1,"stat.pickup.gb.glob":51,"stat.drop.minecraft.bowl":1,"stat.pickup.minecraft.glass":74,"stat.useItem.minecraft.water_bucket":71,"stat.drop.travelersbackpack.travelers_backpack":1,"stat.mineBlock.minecraft.stone_brick_stairs":1,"stat.pickup.gb.globot":46,"stat.pickup.minecraft.sand":403,"stat.mineBlock.gb.glucky_block":16,"stat.pickup.betternether.egg_plant":74,"stat.craftItem.waystones.warp_stone":3,"stat.craftItem.buildcraftcore.gear_diamond":1,"stat.pickup.betternether.smoker":14,"stat.useItem.minecraft.ender_pearl":2,"stat.pickup.minecraft.chainmail_chestplate":1,"stat.mineBlock.minecraft.sand":34,"stat.craftItem.extrautils2.resonator":1,"stat.pickup.betternether.wart_seed":4,"stat.hopperInspected":3,"stat.drop.gravestone.death_info":21,"stat.pickup.betternether.orange_mushroom":4,"stat.craftItem.gb.gring":1,"stat.pickup.hammertime.itemshoveliron":9,"stat.craftItem.gb.globot_raw":54,"stat.pickup.betternether.cincinnasite_bricks_pillar":1,"stat.useItem.extrautils2.pipe":132,"stat.pickup.minecraft.furnace":1,"stat.useItem.minecraft.redstone":1,"stat.pickup.betternether.black_apple":14,"stat.craftItem.travelersbackpack.travelers_backpack":4,"stat.pickup.minecraft.iron_chestplate":16,"stat.mineBlock.extrautils2.passivegenerator":1,"stat.useItem.extrautils2.indexerremote":2,"stat.pickup.minecraft.saddle":4,"stat.mineBlock.minecraft.soul_sand":10,"stat.useItem.twilightforest.triple_bow":7,"stat.playOneMinute":1461236,"stat.pickup.minecraft.blaze_rod":40,"stat.drop.minecraft.string":3,"stat.useItem.hammertime.itemaxeiron":7,"stat.useItem.minecraft.shears":1,"stat.pickup.minecraft.iron_bars":6,"stat.pickup.minecraft.netherrack":1203,"stat.pickup.hammertime.itemaxeiron":12,"stat.craftItem.gb.globot_rod":19,"stat.mineBlock.minecraft.netherrack":107,"stat.craftItem.buildcraftcore.gear_gold":1,"stat.fallOneCm":245676,"stat.pickup.minecraft.melon_seeds":16,"stat.craftItem.minecraft.chest":129,"stat.mineBlock.minecraft.lever":1,"stat.pickup.minecraft.red_mushroom":1,"stat.pickup.betternether.barrel_cactus":2,"stat.pickup.minecraft.feather":11,"stat.drop.minecraft.bone":3,"stat.pickup.betternether.ink_bush_seed":9,"stat.craftItem.extrautils2.ingredients":8,"stat.pickup.minecraft.iron_leggings":8,"stat.useItem.hammertime.itemsickleiron":20,"stat.pickup.waystones.waystone":1,"stat.craftItem.minecraft.iron_leggings":3,"stat.pickup.betternether.cincinnasite":57,"stat.craftItem.buildcraftcore.gear_stone":1,"stat.killEntity.Rabbit":2,"stat.drop.minecraft.reeds":2,"stat.pickup.minecraft.chainmail_boots":1,"stat.useItem.minecraft.iron_bars":1,"stat.mineBlock.minecraft.monster_egg":3,"stat.useItem.minecraft.torch":846,"stat.useItem.twilightforest.ender_bow":7,"stat.useItem.extrautils2.grocket":2,"stat.pickup.minecraft.crafting_table":2,"stat.craftItem.minecraft.crafting_table":4,"stat.pickup.gb.gigger":3,"stat.pickup.extrautils2.grocket":8,"stat.mineBlock.minecraft.emerald_ore":2,"stat.pickup.minecraft.log":117,"stat.drop.minecraft.stonebrick":1,"stat.pickup.usefulbackpacks.backpack":2,"stat.pickup.minecraft.sapling":32,"stat.pickup.minecraft.beetroot":4,"stat.killEntity.WitherSkeleton":3,"stat.craftItem.minecraft.cooked_chicken":6,"stat.useItem.minecraft.stone_hoe":83,"stat.craftItem.gb.glob":1,"stat.craftItem.buildcraftsilicon.assembly_table":1,"stat.sneakTime":25993,"stat.pickup.minecraft.rabbit":2,"stat.drop.minecraft.bucket":5,"stat.pickup.minecraft.rabbit_stew":2,"stat.useItem.minecraft.baked_potato":55,"stat.pickup.minecraft.stone_slab":9,"stat.pickup.minecraft.yellow_flower":1,"stat.pickup.minecraft.chest":193,"stat.craftItem.minecraft.diamond_chestplate":1,"stat.pickup.minecraft.bone":227,"stat.horseOneCm":277520,"stat.useItem.minecraft.log2":12,"stat.craftItem.minecraft.diamond_helmet":1,"stat.craftItem.extrautils2.glasscutter":1,"stat.swimOneCm":147040,"stat.climbOneCm":7154,"stat.mineBlock.gb.gobber_ore":4,"stat.useItem.minecraft.dirt":132,"stat.pickup.minecraft.golden_helmet":7,"stat.mineBlock.betternether.nether_grass":11,"stat.pickup.minecraft.anvil":5,"stat.drop.minecraft.ender_pearl":1,"stat.pickup.minecraft.cobblestone":6015,"stat.mineBlock.buildcraftcore.engine":3,"stat.pickup.minecraft.glass_bottle":4,"stat.pickup.minecraft.soul_sand":27,"stat.useItem.minecraft.cooked_beef":61,"stat.pickup.minecraft.redstone":161,"stat.mineBlock.minecraft.iron_ore":29,"stat.craftItem.minecraft.book":1,"stat.pickup.minecraft.mutton":6,"stat.pickup.minecraft.wooden_axe":1,"stat.pickup.minecraft.stonebrick":28,"stat.drop.minecraft.dirt":6,"stat.useItem.minecraft.cooked_porkchop":19,"stat.pickup.minecraft.iron_shovel":9,"stat.mineBlock.minecraft.nether_brick":4,"stat.mineBlock.betternether.black_bush":1,"stat.pickup.gb.glopper":10,"stat.mineBlock.betternether.agave":3,"stat.craftItem.minecraft.stone_slab2":0,"stat.drop.hammertime.itemsickleiron":1,"stat.pickup.minecraft.paper":28,"stat.craftItem.minecraft.stick":360,"stat.useItem.extrautils2.passivegenerator":64,"stat.useItem.minecraft.stone_slab":187,"stat.craftItem.minecraft.stone":136,"stat.pickup.minecraft.grass":2,"stat.mineBlock.minecraft.crafting_table":2,"stat.useItem.minecraft.diamond_pickaxe":294,"stat.pickup.gb.gring18":1,"stat.pickup.gb.gring15":4,"stat.drop":121,"stat.craftItem.hammertime.itemhammeriron":1,"stat.killEntity.Sheep":4,"stat.pickup.minecraft.slime_ball":2,"stat.craftItem.minecraft.piston":1,"stat.pickup.minecraft.gravel":171,"stat.drop.minecraft.cooked_beef":2,"stat.killEntity.Slime":13,"stat.mineBlock.minecraft.anvil":6,"stat.useItem.minecraft.apple":2,"stat.useItem.minecraft.potion":1,"stat.pickup.minecraft.stone_brick_stairs":3,"stat.craftItem.travelersbackpack.backpack_tank":6,"stat.pickup.minecraft.iron_helmet":13,"stat.pickup.minecraft.spider_eye":36,"stat.craftItem.minecraft.iron_helmet":3,"stat.pickup.minecraft.experience_bottle":1,"stat.useItem.minecraft.cooked_chicken":1,"stat.pickup.minecraft.iron_ore":215,"stat.boatOneCm":3272,"stat.mineBlock.minecraft.iron_bars":2,"stat.pickup.buildcraftcore.fragile_fluid_shard":7,"stat.mineBlock.minecraft.leaves2":7,"stat.pickup.minecraft.leather":141,"stat.mineBlock.minecraft.furnace":1,"stat.drop.minecraft.water_bucket":2,"stat.pickup.betternether.nether_cactus":5,"stat.drop.gb.gow":3,"stat.pickup.minecraft.reeds":156,"stat.pickup.minecraft.stained_glass":16,"stat.craftItem.securitycraft.universal_block_modifier":1,"stat.damageDealt":97822,"stat.craftItem.minecraft.glass":106,"stat.sleepInBed":7,"stat.craftItem.minecraft.baked_potato":161,"stat.killEntity.Cow":26,"stat.craftItem.hammertime.itemaxeiron":3,"stat.pickup.minecraft.piston":3,"stat.walkOneCm":4763767,"stat.playerKills":3,"stat.pickup.minecraft.stick":247,"stat.useItem.gb.glopper":964,"stat.craftItem.minecraft.diamond_boots":1,"stat.pickup.minecraft.tnt":1,"stat.drop.minecraft.leather_chestplate":1,"stat.pickup.minecraft.stone":1108,"stat.pickup.minecraft.gold_ingot":76,"stat.mineBlock.betternether.netherrack_moss":11,"stat.killEntity.Skeleton":101,"stat.killEntity.Chicken":7,"stat.killEntity.Spider":60,"stat.pickup.minecraft.bread":87,"stat.craftItem.minecraft.tnt":5,"stat.pickup.gb.globette":22,"stat.useItem.gb.gow":410,"stat.pickup.minecraft.water_bucket":10,"stat.pickup.minecraft.golden_shovel":3,"stat.mineBlock.minecraft.leaves":56,"stat.mineBlock.betternether.egg_plant":41,"stat.mineBlock.minecraft.redstone_ore":5,"stat.craftItem.minecraft.coal_block":1,"stat.mineBlock.minecraft.stone":356}