{"stat.useItem.minecraft.bow":7,"stat.leaveGame":26,"stat.drop.minecraft.redstone":13,"stat.pickup.extrautils2.indexerremote":12,"stat.craftItem.gb.globot":138,"stat.mineBlock.minecraft.sandstone":20,"stat.craftItem.minecraft.shield":1,"stat.mineBlock.minecraft.web":2,"stat.mineBlock.gravestone.gravestone":17,"stat.craftItem.extrautils2.endershard":32,"stat.mineBlock.minecraft.red_sandstone":2,"stat.pickup.minecraft.rotten_flesh":418,"stat.craftItem.minecraft.stone_axe":1,"stat.pickup.minecraft.bucket":16,"stat.killEntity.Enderman":76,"stat.pickup.minecraft.leather_boots":8,"stat.craftItem.minecraft.iron_shovel":1,"stat.pickup.minecraft.brown_mushroom":1,"stat.killEntity.Witch":10,"stat.craftItem.disenchanter.disenchantmenttable":1,"stat.useItem.minecraft.iron_pickaxe":1749,"stat.craftItem.minecraft.wooden_pickaxe":1,"stat.pickup.extrautils2.endershard":39,"stat.useItem.minecraft.iron_shovel":694,"stat.pickup.minecraft.double_plant":7,"stat.craftItem.minecraft.bed":1,"stat.mineBlock.minecraft.vine":22,"stat.furnaceInteraction":268,"stat.killEntity.ZombieVillager":18,"stat.drop.gb.glob":1,"stat.pickup.minecraft.beef":30,"stat.pickup.hammertime.itemsickleiron":1,"stat.pickup.minecraft.leather_helmet":7,"stat.pickup.minecraft.potion":5,"stat.useItem.minecraft.flint_and_steel":18,"stat.useItem.minecraft.wheat_seeds":496,"stat.killEntity.Husk":6,"stat.pickup.minecraft.emerald":87,"stat.deaths":20,"stat.craftItem.minecraft.iron_pickaxe":3,"stat.drop.minecraft.glass_bottle":1,"stat.mineBlock.minecraft.tallgrass":323,"stat.craftItem.minecraft.cooked_mutton":22,"stat.pickup.minecraft.cooked_mutton":17,"stat.chestOpened":443,"stat.useItem.minecraft.cooked_rabbit":1,"stat.craftItem.minecraft.light_weighted_pressure_plate":1,"stat.useItem.minecraft.stone":36,"stat.drop.extrautils2.indexerremote":4,"stat.pickup.minecraft.arrow":488,"stat.pickup.minecraft.iron_sword":3,"stat.craftItem.minecraft.quartz_block":1,"stat.drop.minecraft.iron_pickaxe":2,"stat.useItem.minecraft.rabbit_stew":2,"stat.pickup.minecraft.carrot":142,"stat.crouchOneCm":16065,"stat.craftItem.minecraft.iron_ingot":269,"stat.craftingTableInteraction":164,"stat.craftItem.extrautils2.decorativesolid":66,"stat.mineBlock.minecraft.log2":10,"stat.useItem.minecraft.reeds":14,"stat.pickup.minecraft.dye":362,"stat.pickup.minecraft.planks":300,"stat.pickup.minecraft.wheat_seeds":1025,"stat.mineBlock.minecraft.dirt":884,"stat.useItem.minecraft.bread":22,"stat.useItem.minecraft.cobblestone":504,"stat.useItem.minecraft.gravel":7,"stat.mineBlock.minecraft.double_plant":26,"stat.mineBlock.betternether.cincinnasite_ore":1,"stat.pickup.minecraft.iron_pickaxe":19,"stat.pickup.betternether.nether_brick_tile_small":2,"stat.craftItem.minecraft.gold_ingot":79,"stat.drop.minecraft.sapling":2,"stat.pickup.minecraft.apple":1,"stat.craftItem.minecraft.bucket":1,"stat.craftItem.minecraft.planks":622,"stat.useItem.minecraft.iron_sword":412,"stat.pickup.minecraft.book":125,"stat.useItem.minecraft.stonebrick":1,"stat.mineBlock.minecraft.log":18,"stat.craftItem.minecraft.paper":117,"stat.pickup.minecraft.red_flower":6,"stat.pickup.minecraft.wool":37,"stat.pickup.minecraft.cooked_fish":4,"stat.useItem.minecraft.wooden_axe":2,"stat.pickup.extrautils2.pipe":302,"stat.cakeSlicesEaten":6,"stat.craftItem.minecraft.cooked_rabbit":1,"stat.pickup.minecraft.bookshelf":1,"stat.useItem.minecraft.iron_axe":1041,"stat.drop.minecraft.stone_shovel":1,"stat.mineBlock.minecraft.cobblestone":72,"stat.pickup.minecraft.stone_pickaxe":5,"stat.pickup.minecraft.flint":52,"stat.mineBlock.minecraft.yellow_flower":3,"stat.pickup.minecraft.leather_chestplate":1,"stat.pickup.minecraft.enchanted_book":3,"stat.drop.minecraft.cobblestone":8,"stat.pickup.minecraft.cooked_porkchop":10,"stat.useItem.minecraft.cookie":2,"stat.useItem.minecraft.stone_slab2":132,"stat.pickup.minecraft.bow":15,"stat.pickup.minecraft.iron_boots":11,"stat.craftItem.minecraft.furnace":2,"stat.pickup.minecraft.golden_axe":1,"stat.craftItem.minecraft.iron_boots":2,"stat.pickup.minecraft.pumpkin_pie":1,"stat.pickup.gb.gow":13,"stat.craftItem.minecraft.cooked_beef":31,"stat.flyOneCm":2951322,"stat.pickup.minecraft.sandstone":10,"stat.craftItem.extrautils2.passivegenerator":44,"stat.timeSinceDeath":21879,"stat.craftItem.minecraft.stonebrick":72,"stat.pickup.travelersbackpack.travelers_backpack":13,"stat.useItem.minecraft.potato":64,"stat.pickup.buildcraftcore.engine":1,"stat.killEntity.Wolf":1,"stat.mineBlock.minecraft.coal_ore":183,"stat.killEntity.Creeper":44,"stat.pickup.minecraft.shield":27,"stat.talkedToVillager":104,"stat.pickup.extrautils2.ingredients":38,"stat.pickup.minecraft.string":166,"stat.pickup.extrautils2.glasscutter":1,"stat.drop.usefulbackpacks.backpack":4,"stat.entityKilledBy.Skeleton":2,"stat.useItem.minecraft.written_book":1,"stat.sprintOneCm":4373195,"stat.craftItem.minecraft.wooden_axe":1,"stat.pickup.minecraft.bone_block":819,"stat.pickup.extrautils2.passivegenerator":6,"stat.craftItem.extrautils2.indexer":2,"stat.mineBlock.minecraft.diamond_ore":83,"stat.pickup.extrautils2.decorativesolid":13,"stat.waystones:waystonesActivated":3,"stat.pickup.minecraft.leather_leggings":6,"stat.useItem.minecraft.ladder":4,"stat.killEntity.Zombie":292,"stat.craftItem.minecraft.dye":2,"stat.craftItem.minecraft.diamond_axe":1,"stat.mineBlock.minecraft.gold_ore":300,"stat.craftItem.gb.gring27":1,"stat.diveOneCm":109884,"stat.pickup.minecraft.wheat":465,"stat.mineBlock.minecraft.mossy_cobblestone":3,"stat.craftItem.minecraft.ladder":5,"stat.craftItem.minecraft.cooked_porkchop":32,"stat.pickup.minecraft.stone_axe":2,"stat.mineBlock.extrautils2.resonator":1,"stat.useItem.minecraft.rotten_flesh":18,"stat.jump":15466,"stat.useItem.minecraft.sand":2,"stat.pickup.minecraft.coal":442,"stat.pickup.minecraft.iron_ingot":28,"stat.pickup.extrautils2.indexer":4,"stat.pickup.minecraft.gunpowder":50,"stat.craftItem.minecraft.torch":24,"stat.pickup.minecraft.dirt":1956,"stat.useItem.minecraft.glass":43,"stat.pickup.minecraft.stone_shovel":2,"stat.pickup.minecraft.gold_ore":275,"stat.mineBlock.minecraft.lapis_ore":36,"stat.pickup.minecraft.iron_axe":19,"stat.pickup.minecraft.cookie":6,"stat.mineBlock.minecraft.glass_pane":4,"stat.damageTaken":22472,"stat.mineBlock.minecraft.torch":28,"stat.mineBlock.minecraft.red_flower":1,"stat.pickup.minecraft.written_book":1,"stat.pickup.minecraft.log2":76,"stat.pickup.minecraft.potato":154,"stat.useItem.forge.bucketfilled":1,"stat.entityKilledBy.Zombie":7,"stat.pickup.minecraft.rabbit_hide":1,"stat.pickup.minecraft.diamond_axe":6,"stat.mineBlock.torcherino.blocktorcherino":4,"stat.killEntity.Silverfish":27,"stat.mineBlock.betternether.nether_brick_tile_stairs":2,"stat.animalsBred":94,"stat.useItem.minecraft.chest":63,"stat.drop.minecraft.wheat":4,"stat.pickup.minecraft.diamond_pickaxe":3,"stat.useItem.minecraft.lava_bucket":30,"stat.useItem.minecraft.melon":2,"stat.craftItem.minecraft.iron_chestplate":2,"stat.pickup.minecraft.baked_potato":257,"stat.pickup.minecraft.ender_pearl":47,"stat.pickup.minecraft.ladder":2,"stat.pickup.minecraft.cooked_beef":5,"stat.useItem.minecraft.netherrack":21,"stat.craftItem.minecraft.bookshelf":34,"stat.mineBlock.minecraft.stonebrick":39,"stat.drop.betternether.nether_brick_tile_stairs":1,"stat.mobKills":821,"stat.mineBlock.minecraft.bookshelf":18,"stat.useItem.gb.gigger":7,"stat.pickup.minecraft.diamond":152,"stat.pickup.minecraft.torch":319,"stat.entityKilledBy.Silverfish":2,"stat.drop.minecraft.stone_axe":1,"stat.useItem.minecraft.bookshelf":28,"stat.craftItem.minecraft.iron_axe":5,"stat.pickup.gravestone.death_info":18,"stat.useItem.minecraft.mutton":8,"stat.useItem.minecraft.planks":157,"stat.pickup.minecraft.golden_boots":1,"stat.pickup.minecraft.glowstone_dust":2,"stat.pickup.gb.glob":544,"stat.drop.minecraft.bowl":3,"stat.pickup.minecraft.porkchop":49,"stat.pickup.minecraft.glass":49,"stat.useItem.minecraft.water_bucket":158,"stat.mineBlock.minecraft.stone_brick_stairs":19,"stat.pickup.minecraft.sand":29,"stat.entityKilledBy.Spider":2,"stat.mineBlock.gb.glucky_block":6,"stat.useItem.minecraft.ender_pearl":9,"stat.craftItem.extrautils2.resonator":1,"stat.mineBlock.minecraft.sand":5,"stat.drop.minecraft.diamond":4,"stat.trappedChestTriggered":2,"stat.drop.gravestone.death_info":23,"stat.craftItem.gb.gring":1,"stat.pickup.hammertime.itemshoveliron":2,"stat.craftItem.gb.globot_raw":137,"stat.useItem.extrautils2.pipe":109,"stat.pickup.minecraft.furnace":7,"stat.useItem.minecraft.cooked_mutton":17,"stat.pickup.minecraft.iron_chestplate":12,"stat.killEntity.Horse":1,"stat.useItem.extrautils2.indexerremote":3,"stat.pickup.minecraft.mycelium":2,"stat.playOneMinute":1507735,"stat.drop.minecraft.string":1,"stat.drop.minecraft.chest":1,"stat.pickup.minecraft.iron_bars":36,"stat.pickup.minecraft.netherrack":122,"stat.mineBlock.minecraft.netherrack":191,"stat.pickup.minecraft.cooked_chicken":2,"stat.fallOneCm":443588,"stat.craftItem.minecraft.chest":1,"stat.pickup.minecraft.golden_leggings":2,"stat.pickup.minecraft.melon":2,"stat.craftItem.minecraft.wooden_button":1,"stat.mineBlock.extrautils2.indexer":4,"stat.craftItem.extrautils2.indexerremote":4,"stat.craftItem.extrautils2.ingredients":36,"stat.pickup.minecraft.iron_leggings":13,"stat.mineBlock.minecraft.gravel":30,"stat.useItem.minecraft.stone_pickaxe":263,"stat.pickup.betternether.cincinnasite":2,"stat.craftItem.minecraft.iron_leggings":2,"stat.killEntity.Rabbit":1,"stat.pickup.minecraft.chainmail_boots":2,"stat.drop.minecraft.iron_axe":3,"stat.pickup.minecraft.flint_and_steel":13,"stat.mineBlock.minecraft.monster_egg":6,"stat.useItem.minecraft.torch":88,"stat.useItem.extrautils2.grocket":2,"stat.pickup.minecraft.crafting_table":11,"stat.craftItem.minecraft.crafting_table":3,"stat.craftItem.minecraft.boat":1,"stat.pickup.extrautils2.grocket":3,"stat.mineBlock.minecraft.emerald_ore":51,"stat.pickup.minecraft.redstone_block":2,"stat.pickup.minecraft.log":25,"stat.useItem.minecraft.cooked_fish":6,"stat.pickup.usefulbackpacks.backpack":16,"stat.drop.minecraft.planks":3,"stat.pickup.minecraft.chainmail_leggings":1,"stat.pickup.minecraft.sapling":6,"stat.entityKilledBy.Enderman":1,"stat.killEntity.WitherSkeleton":5,"stat.craftItem.gb.glob":1,"stat.craftItem.minecraft.sugar":18,"stat.sneakTime":10238,"stat.pickup.minecraft.rabbit":1,"stat.pickup.minecraft.rabbit_stew":2,"stat.useItem.minecraft.baked_potato":197,"stat.drop.minecraft.wooden_axe":1,"stat.pickup.minecraft.chest":124,"stat.craftItem.minecraft.enchanting_table":2,"stat.drop.minecraft.stone_pickaxe":1,"stat.pickup.minecraft.bone":242,"stat.useItem.minecraft.mushroom_stew":1,"stat.mineBlock.minecraft.brown_mushroom":1,"stat.swimOneCm":160024,"stat.climbOneCm":22527,"stat.mineBlock.gb.gobber_ore":156,"stat.useItem.minecraft.dirt":167,"stat.pickup.minecraft.golden_helmet":2,"stat.mineBlock.betternether.nether_grass":3,"stat.pickup.minecraft.cooked_rabbit":4,"stat.pickup.minecraft.enchanting_table":1,"stat.drop.minecraft.ender_pearl":1,"stat.craftItem.minecraft.stone_pickaxe":2,"stat.pickup.minecraft.cobblestone":4833,"stat.mineBlock.minecraft.redstone_block":2,"stat.useItem.minecraft.stone_shovel":132,"stat.drop.minecraft.wheat_seeds":5,"stat.useItem.minecraft.cooked_beef":26,"stat.pickup.minecraft.redstone":486,"stat.mineBlock.minecraft.iron_ore":518,"stat.craftItem.minecraft.book":51,"stat.pickup.minecraft.mutton":60,"stat.pickup.betternether.nether_brick_tile_stairs":1,"stat.pickup.minecraft.mossy_cobblestone":3,"stat.craftItem.extrautils2.screen":6,"stat.drop.minecraft.iron_bars":2,"stat.pickup.minecraft.stonebrick":35,"stat.drop.minecraft.mycelium":2,"stat.useItem.minecraft.cooked_porkchop":33,"stat.pickup.minecraft.iron_shovel":12,"stat.craftItem.betternether.quartz_glass":10,"stat.craftItem.minecraft.stone_slab2":0,"stat.useItem.minecraft.golden_axe":16,"stat.pickup.minecraft.paper":78,"stat.craftItem.minecraft.stick":68,"stat.useItem.extrautils2.passivegenerator":37,"stat.craftItem.minecraft.stone":122,"stat.mineBlock.minecraft.crafting_table":10,"stat.pickup.extrautils2.resonator":1,"stat.mineBlock.minecraft.quartz_block":12,"stat.useItem.minecraft.diamond_pickaxe":672,"stat.useItem.minecraft.carrot":108,"stat.entityKilledBy.Creeper":1,"stat.mineBlock.minecraft.planks":11,"stat.drop":102,"stat.killEntity.Sheep":19,"stat.pickup.minecraft.slime_ball":6,"stat.pickup.minecraft.golden_chestplate":3,"stat.pickup.gb.gring27":2,"stat.pickup.minecraft.gravel":47,"stat.killEntity.Slime":8,"stat.useItem.minecraft.diamond_axe":95,"stat.useItem.minecraft.apple":2,"stat.useItem.minecraft.porkchop":4,"stat.useItem.minecraft.potion":3,"stat.drop.minecraft.cooked_porkchop":9,"stat.pickup.minecraft.stone_brick_stairs":3,"stat.pickup.minecraft.iron_helmet":14,"stat.useItem.minecraft.stone_axe":87,"stat.craftItem.minecraft.bread":11,"stat.pickup.minecraft.spider_eye":37,"stat.craftItem.minecraft.iron_helmet":2,"stat.useItem.minecraft.cooked_chicken":8,"stat.pickup.minecraft.iron_ore":509,"stat.mineBlock.minecraft.iron_bars":36,"stat.craftItem.minecraft.flint_and_steel":1,"stat.pickup.minecraft.leather":58,"stat.mineBlock.minecraft.furnace":6,"stat.useItem.minecraft.wooden_pickaxe":18,"stat.drop.gb.gow":1,"stat.pickup.minecraft.reeds":176,"stat.killEntity.CaveSpider":19,"stat.damageDealt":77270,"stat.sleepInBed":4,"stat.craftItem.minecraft.baked_potato":204,"stat.killEntity.Cow":13,"stat.killEntity.Pig":26,"stat.craftItem.minecraft.iron_sword":1,"stat.mineBlock.betternether.nether_brick_tile_small":1,"stat.craftItem.minecraft.stone_shovel":1,"stat.pickup.minecraft.boat":10,"stat.walkOneCm":5267139,"stat.playerKills":6,"stat.pickup.minecraft.stick":24,"stat.pickup.minecraft.stone":495,"stat.pickup.torcherino.blocktorcherino":4,"stat.craftItem.minecraft.redstone":5,"stat.pickup.minecraft.gold_ingot":95,"stat.mineBlock.betternether.netherrack_moss":3,"stat.pickup.betternether.netherrack_moss":1,"stat.killEntity.Skeleton":143,"stat.killEntity.Spider":93,"stat.mineBlock.minecraft.quartz_ore":27,"stat.pickup.minecraft.bread":9,"stat.pickup.gb.globette":21,"stat.useItem.gb.gow":585,"stat.pickup.minecraft.quartz":94,"stat.pickup.minecraft.water_bucket":15,"stat.pickup.minecraft.golden_shovel":1,"stat.mineBlock.minecraft.leaves":10,"stat.mineBlock.minecraft.redstone_ore":45,"stat.pickup.minecraft.lava_bucket":11,"stat.craftItem.minecraft.coal_block":1,"stat.mineBlock.minecraft.bone_block":63,"stat.mineBlock.minecraft.stone":712,"stat.useItem.minecraft.sandstone":6}