{"stat.useItem.minecraft.bow":5,"stat.leaveGame":21,"stat.drop.minecraft.redstone":13,"stat.pickup.extrautils2.indexerremote":10,"stat.mineBlock.minecraft.sandstone":19,"stat.craftItem.minecraft.shield":1,"stat.mineBlock.minecraft.web":2,"stat.mineBlock.gravestone.gravestone":14,"stat.craftItem.extrautils2.endershard":32,"stat.pickup.minecraft.rotten_flesh":217,"stat.craftItem.minecraft.stone_axe":1,"stat.pickup.minecraft.bucket":13,"stat.killEntity.Enderman":76,"stat.pickup.minecraft.leather_boots":7,"stat.craftItem.minecraft.iron_shovel":1,"stat.killEntity.Witch":1,"stat.craftItem.disenchanter.disenchantmenttable":1,"stat.useItem.minecraft.iron_pickaxe":1202,"stat.craftItem.minecraft.wooden_pickaxe":1,"stat.pickup.extrautils2.endershard":39,"stat.useItem.minecraft.iron_shovel":694,"stat.pickup.minecraft.double_plant":7,"stat.craftItem.minecraft.bed":1,"stat.mineBlock.minecraft.vine":8,"stat.furnaceInteraction":219,"stat.killEntity.ZombieVillager":5,"stat.drop.gb.glob":1,"stat.pickup.minecraft.beef":5,"stat.pickup.minecraft.leather_helmet":5,"stat.pickup.minecraft.potion":5,"stat.useItem.minecraft.flint_and_steel":18,"stat.useItem.minecraft.wheat_seeds":338,"stat.killEntity.Husk":3,"stat.deaths":18,"stat.craftItem.minecraft.iron_pickaxe":3,"stat.mineBlock.minecraft.tallgrass":128,"stat.craftItem.minecraft.cooked_mutton":7,"stat.pickup.minecraft.cooked_mutton":2,"stat.chestOpened":274,"stat.useItem.minecraft.cooked_rabbit":1,"stat.craftItem.minecraft.light_weighted_pressure_plate":1,"stat.useItem.minecraft.stone":26,"stat.drop.extrautils2.indexerremote":3,"stat.pickup.minecraft.arrow":445,"stat.pickup.minecraft.iron_sword":1,"stat.craftItem.minecraft.quartz_block":1,"stat.useItem.minecraft.rabbit_stew":2,"stat.pickup.minecraft.carrot":130,"stat.crouchOneCm":10896,"stat.craftItem.minecraft.iron_ingot":205,"stat.craftingTableInteraction":148,"stat.craftItem.extrautils2.decorativesolid":66,"stat.mineBlock.minecraft.log2":10,"stat.useItem.minecraft.reeds":14,"stat.pickup.minecraft.dye":135,"stat.pickup.minecraft.planks":290,"stat.pickup.minecraft.wheat_seeds":726,"stat.mineBlock.minecraft.dirt":876,"stat.useItem.minecraft.bread":22,"stat.useItem.minecraft.cobblestone":266,"stat.useItem.minecraft.gravel":7,"stat.mineBlock.minecraft.double_plant":16,"stat.mineBlock.betternether.cincinnasite_ore":1,"stat.pickup.minecraft.iron_pickaxe":14,"stat.pickup.betternether.nether_brick_tile_small":2,"stat.craftItem.minecraft.gold_ingot":16,"stat.drop.minecraft.sapling":2,"stat.pickup.minecraft.apple":1,"stat.craftItem.minecraft.bucket":1,"stat.craftItem.minecraft.planks":602,"stat.useItem.minecraft.iron_sword":412,"stat.pickup.minecraft.book":125,"stat.useItem.minecraft.stonebrick":1,"stat.mineBlock.minecraft.log":18,"stat.craftItem.minecraft.paper":117,"stat.pickup.minecraft.wool":31,"stat.pickup.minecraft.cooked_fish":4,"stat.useItem.minecraft.wooden_axe":2,"stat.pickup.extrautils2.pipe":302,"stat.cakeSlicesEaten":6,"stat.craftItem.minecraft.cooked_rabbit":1,"stat.pickup.minecraft.bookshelf":1,"stat.useItem.minecraft.iron_axe":896,"stat.drop.minecraft.stone_shovel":1,"stat.mineBlock.minecraft.cobblestone":53,"stat.pickup.minecraft.stone_pickaxe":4,"stat.pickup.minecraft.flint":1,"stat.mineBlock.minecraft.yellow_flower":1,"stat.drop.minecraft.cobblestone":6,"stat.pickup.minecraft.cooked_porkchop":10,"stat.useItem.minecraft.cookie":2,"stat.useItem.minecraft.stone_slab2":111,"stat.pickup.minecraft.bow":13,"stat.pickup.minecraft.iron_boots":8,"stat.craftItem.minecraft.furnace":2,"stat.pickup.minecraft.golden_axe":1,"stat.craftItem.minecraft.iron_boots":2,"stat.pickup.minecraft.pumpkin_pie":1,"stat.pickup.gb.gow":10,"stat.craftItem.minecraft.cooked_beef":21,"stat.flyOneCm":1812596,"stat.pickup.minecraft.sandstone":10,"stat.craftItem.extrautils2.passivegenerator":44,"stat.timeSinceDeath":198166,"stat.craftItem.minecraft.stonebrick":72,"stat.pickup.travelersbackpack.travelers_backpack":11,"stat.useItem.minecraft.potato":64,"stat.pickup.buildcraftcore.engine":1,"stat.mineBlock.minecraft.coal_ore":181,"stat.killEntity.Creeper":5,"stat.pickup.minecraft.shield":24,"stat.talkedToVillager":103,"stat.pickup.extrautils2.ingredients":33,"stat.pickup.minecraft.string":40,"stat.pickup.extrautils2.glasscutter":1,"stat.drop.usefulbackpacks.backpack":4,"stat.entityKilledBy.Skeleton":2,"stat.useItem.minecraft.written_book":1,"stat.sprintOneCm":2623989,"stat.craftItem.minecraft.wooden_axe":1,"stat.pickup.minecraft.bone_block":693,"stat.pickup.extrautils2.passivegenerator":6,"stat.craftItem.extrautils2.indexer":2,"stat.mineBlock.minecraft.diamond_ore":14,"stat.pickup.extrautils2.decorativesolid":13,"stat.waystones:waystonesActivated":3,"stat.pickup.minecraft.leather_leggings":3,"stat.useItem.minecraft.ladder":2,"stat.killEntity.Zombie":101,"stat.craftItem.minecraft.dye":2,"stat.mineBlock.minecraft.gold_ore":10,"stat.diveOneCm":84675,"stat.pickup.minecraft.wheat":327,"stat.craftItem.minecraft.ladder":2,"stat.craftItem.minecraft.cooked_porkchop":32,"stat.pickup.minecraft.stone_axe":2,"stat.mineBlock.extrautils2.resonator":1,"stat.useItem.minecraft.rotten_flesh":16,"stat.jump":9925,"stat.useItem.minecraft.sand":2,"stat.pickup.minecraft.coal":442,"stat.pickup.minecraft.iron_ingot":4,"stat.pickup.extrautils2.indexer":4,"stat.pickup.minecraft.gunpowder":7,"stat.craftItem.minecraft.torch":24,"stat.pickup.minecraft.dirt":1636,"stat.useItem.minecraft.glass":43,"stat.pickup.minecraft.stone_shovel":2,"stat.pickup.minecraft.gold_ore":16,"stat.pickup.minecraft.iron_axe":18,"stat.pickup.minecraft.cookie":6,"stat.mineBlock.minecraft.glass_pane":4,"stat.damageTaken":16380,"stat.mineBlock.minecraft.torch":28,"stat.mineBlock.minecraft.red_flower":1,"stat.pickup.minecraft.written_book":1,"stat.pickup.minecraft.log2":76,"stat.pickup.minecraft.potato":154,"stat.useItem.forge.bucketfilled":1,"stat.entityKilledBy.Zombie":5,"stat.pickup.minecraft.rabbit_hide":1,"stat.pickup.minecraft.diamond_axe":2,"stat.mineBlock.torcherino.blocktorcherino":3,"stat.killEntity.Silverfish":17,"stat.mineBlock.betternether.nether_brick_tile_stairs":2,"stat.animalsBred":32,"stat.useItem.minecraft.chest":63,"stat.drop.minecraft.wheat":4,"stat.useItem.minecraft.lava_bucket":18,"stat.useItem.minecraft.melon":2,"stat.craftItem.minecraft.iron_chestplate":1,"stat.pickup.minecraft.baked_potato":257,"stat.pickup.minecraft.ender_pearl":39,"stat.useItem.minecraft.netherrack":21,"stat.craftItem.minecraft.bookshelf":31,"stat.mineBlock.minecraft.stonebrick":11,"stat.drop.betternether.nether_brick_tile_stairs":1,"stat.mobKills":379,"stat.mineBlock.minecraft.bookshelf":18,"stat.pickup.minecraft.diamond":14,"stat.pickup.minecraft.torch":278,"stat.entityKilledBy.Silverfish":2,"stat.drop.minecraft.stone_axe":1,"stat.useItem.minecraft.bookshelf":26,"stat.craftItem.minecraft.iron_axe":4,"stat.pickup.gravestone.death_info":15,"stat.useItem.minecraft.mutton":8,"stat.useItem.minecraft.planks":157,"stat.pickup.minecraft.golden_boots":1,"stat.pickup.minecraft.glowstone_dust":2,"stat.pickup.gb.glob":116,"stat.drop.minecraft.bowl":2,"stat.pickup.minecraft.porkchop":49,"stat.pickup.minecraft.glass":49,"stat.useItem.minecraft.water_bucket":53,"stat.pickup.minecraft.sand":5,"stat.entityKilledBy.Spider":2,"stat.mineBlock.gb.glucky_block":6,"stat.craftItem.extrautils2.resonator":1,"stat.mineBlock.minecraft.sand":5,"stat.trappedChestTriggered":2,"stat.drop.gravestone.death_info":21,"stat.pickup.hammertime.itemshoveliron":2,"stat.useItem.extrautils2.pipe":109,"stat.pickup.minecraft.furnace":7,"stat.useItem.minecraft.cooked_mutton":10,"stat.pickup.minecraft.iron_chestplate":9,"stat.killEntity.Horse":1,"stat.useItem.extrautils2.indexerremote":2,"stat.pickup.minecraft.mycelium":2,"stat.playOneMinute":1052508,"stat.drop.minecraft.string":1,"stat.drop.minecraft.chest":1,"stat.pickup.minecraft.iron_bars":28,"stat.pickup.minecraft.netherrack":122,"stat.mineBlock.minecraft.netherrack":191,"stat.pickup.minecraft.cooked_chicken":2,"stat.fallOneCm":292382,"stat.craftItem.minecraft.chest":1,"stat.pickup.minecraft.golden_leggings":2,"stat.pickup.minecraft.melon":2,"stat.craftItem.minecraft.wooden_button":1,"stat.mineBlock.extrautils2.indexer":4,"stat.craftItem.extrautils2.indexerremote":3,"stat.craftItem.extrautils2.ingredients":34,"stat.pickup.minecraft.iron_leggings":10,"stat.mineBlock.minecraft.gravel":23,"stat.useItem.minecraft.stone_pickaxe":263,"stat.pickup.betternether.cincinnasite":2,"stat.craftItem.minecraft.iron_leggings":1,"stat.killEntity.Rabbit":1,"stat.pickup.minecraft.chainmail_boots":1,"stat.drop.minecraft.iron_axe":3,"stat.pickup.minecraft.flint_and_steel":11,"stat.mineBlock.minecraft.monster_egg":2,"stat.useItem.minecraft.torch":71,"stat.useItem.extrautils2.grocket":2,"stat.pickup.minecraft.crafting_table":11,"stat.craftItem.minecraft.crafting_table":3,"stat.craftItem.minecraft.boat":1,"stat.pickup.extrautils2.grocket":3,"stat.pickup.minecraft.redstone_block":2,"stat.pickup.minecraft.log":25,"stat.useItem.minecraft.cooked_fish":6,"stat.pickup.usefulbackpacks.backpack":14,"stat.drop.minecraft.planks":3,"stat.pickup.minecraft.sapling":6,"stat.entityKilledBy.Enderman":1,"stat.killEntity.WitherSkeleton":2,"stat.craftItem.minecraft.sugar":18,"stat.sneakTime":7186,"stat.pickup.minecraft.rabbit":1,"stat.pickup.minecraft.rabbit_stew":2,"stat.useItem.minecraft.baked_potato":82,"stat.drop.minecraft.wooden_axe":1,"stat.pickup.minecraft.chest":124,"stat.craftItem.minecraft.enchanting_table":2,"stat.drop.minecraft.stone_pickaxe":1,"stat.pickup.minecraft.bone":188,"stat.swimOneCm":73616,"stat.climbOneCm":12696,"stat.mineBlock.gb.gobber_ore":9,"stat.useItem.minecraft.dirt":166,"stat.pickup.minecraft.golden_helmet":2,"stat.mineBlock.betternether.nether_grass":3,"stat.pickup.minecraft.cooked_rabbit":4,"stat.pickup.minecraft.enchanting_table":1,"stat.craftItem.minecraft.stone_pickaxe":2,"stat.pickup.minecraft.cobblestone":2188,"stat.mineBlock.minecraft.redstone_block":2,"stat.useItem.minecraft.stone_shovel":132,"stat.drop.minecraft.wheat_seeds":3,"stat.useItem.minecraft.cooked_beef":21,"stat.pickup.minecraft.redstone":323,"stat.mineBlock.minecraft.iron_ore":211,"stat.craftItem.minecraft.book":39,"stat.pickup.minecraft.mutton":32,"stat.pickup.betternether.nether_brick_tile_stairs":1,"stat.craftItem.extrautils2.screen":5,"stat.drop.minecraft.iron_bars":2,"stat.pickup.minecraft.stonebrick":19,"stat.drop.minecraft.mycelium":2,"stat.useItem.minecraft.cooked_porkchop":31,"stat.pickup.minecraft.iron_shovel":12,"stat.craftItem.betternether.quartz_glass":10,"stat.craftItem.minecraft.stone_slab2":0,"stat.pickup.minecraft.paper":78,"stat.craftItem.minecraft.stick":64,"stat.useItem.extrautils2.passivegenerator":37,"stat.craftItem.minecraft.stone":122,"stat.mineBlock.minecraft.crafting_table":10,"stat.pickup.extrautils2.resonator":1,"stat.useItem.minecraft.carrot":86,"stat.entityKilledBy.Creeper":1,"stat.mineBlock.minecraft.planks":9,"stat.drop":85,"stat.killEntity.Sheep":14,"stat.pickup.minecraft.golden_chestplate":3,"stat.pickup.minecraft.gravel":30,"stat.useItem.minecraft.apple":2,"stat.useItem.minecraft.porkchop":4,"stat.useItem.minecraft.potion":1,"stat.drop.minecraft.cooked_porkchop":9,"stat.pickup.minecraft.iron_helmet":10,"stat.useItem.minecraft.stone_axe":87,"stat.craftItem.minecraft.bread":11,"stat.pickup.minecraft.spider_eye":28,"stat.craftItem.minecraft.iron_helmet":1,"stat.useItem.minecraft.cooked_chicken":8,"stat.pickup.minecraft.iron_ore":231,"stat.mineBlock.minecraft.iron_bars":28,"stat.craftItem.minecraft.flint_and_steel":1,"stat.pickup.minecraft.leather":22,"stat.mineBlock.minecraft.furnace":6,"stat.useItem.minecraft.wooden_pickaxe":18,"stat.pickup.minecraft.reeds":176,"stat.killEntity.CaveSpider":10,"stat.damageDealt":63088,"stat.sleepInBed":4,"stat.craftItem.minecraft.baked_potato":140,"stat.killEntity.Cow":5,"stat.killEntity.Pig":26,"stat.craftItem.minecraft.iron_sword":1,"stat.mineBlock.betternether.nether_brick_tile_small":1,"stat.craftItem.minecraft.stone_shovel":1,"stat.pickup.minecraft.boat":10,"stat.walkOneCm":3694832,"stat.playerKills":5,"stat.pickup.minecraft.stick":23,"stat.pickup.minecraft.stone":244,"stat.pickup.torcherino.blocktorcherino":3,"stat.craftItem.minecraft.redstone":5,"stat.pickup.minecraft.gold_ingot":4,"stat.mineBlock.betternether.netherrack_moss":3,"stat.pickup.betternether.netherrack_moss":1,"stat.killEntity.Skeleton":58,"stat.killEntity.Spider":44,"stat.mineBlock.minecraft.quartz_ore":27,"stat.pickup.minecraft.bread":9,"stat.pickup.gb.globette":4,"stat.useItem.gb.gow":144,"stat.pickup.minecraft.quartz":94,"stat.pickup.minecraft.water_bucket":11,"stat.mineBlock.minecraft.leaves":10,"stat.mineBlock.minecraft.redstone_ore":4,"stat.pickup.minecraft.lava_bucket":9,"stat.craftItem.minecraft.coal_block":1,"stat.mineBlock.minecraft.bone_block":63,"stat.mineBlock.minecraft.stone":556,"stat.useItem.minecraft.sandstone":6}