{"stat.useItem.minecraft.bow":7,"stat.leaveGame":34,"stat.drop.minecraft.redstone":13,"stat.pickup.extrautils2.indexerremote":14,"stat.craftItem.gb.globot":138,"stat.mineBlock.minecraft.sandstone":21,"stat.killEntity.PigZombie":1,"stat.craftItem.minecraft.shield":1,"stat.mineBlock.minecraft.web":35,"stat.mineBlock.gravestone.gravestone":23,"stat.craftItem.extrautils2.endershard":32,"stat.mineBlock.minecraft.red_sandstone":16,"stat.pickup.minecraft.rotten_flesh":544,"stat.pickup.minecraft.brick_block":2,"stat.craftItem.minecraft.stone_axe":1,"stat.pickup.minecraft.bucket":21,"stat.killEntity.Enderman":109,"stat.pickup.minecraft.leather_boots":8,"stat.craftItem.minecraft.iron_shovel":1,"stat.pickup.minecraft.brown_mushroom":6,"stat.killEntity.Witch":11,"stat.craftItem.disenchanter.disenchantmenttable":1,"stat.mineBlock.betternether.block_eyeball_small":1,"stat.useItem.minecraft.iron_pickaxe":1749,"stat.craftItem.minecraft.wooden_pickaxe":1,"stat.pickup.extrautils2.endershard":39,"stat.useItem.minecraft.iron_shovel":698,"stat.mineBlock.minecraft.brick_block":2,"stat.pickup.minecraft.double_plant":7,"stat.craftItem.minecraft.bed":1,"stat.mineBlock.minecraft.vine":22,"stat.pickup.buildcrafttransport.pipe_stone_item":1,"stat.furnaceInteraction":292,"stat.pickup.betternether.cincinnasite_forged":6,"stat.killEntity.ZombieVillager":23,"stat.mineBlock.betternether.orange_mushroom":1,"stat.mineBlock.betternether.cincinnasite_stairs":3,"stat.drop.gb.glob":1,"stat.pickup.minecraft.beef":51,"stat.pickup.hammertime.itemsickleiron":1,"stat.pickup.betternether.eye_seed":8,"stat.pickup.minecraft.hay_block":52,"stat.pickup.minecraft.leather_helmet":7,"stat.pickup.minecraft.potion":13,"stat.useItem.minecraft.flint_and_steel":19,"stat.useItem.minecraft.wheat_seeds":1073,"stat.killEntity.Husk":16,"stat.pickup.minecraft.emerald":87,"stat.deaths":26,"stat.pickup.mowziesmobs.barakoa_mask_fury":1,"stat.craftItem.minecraft.iron_pickaxe":3,"stat.drop.minecraft.glass_bottle":1,"stat.mineBlock.minecraft.tallgrass":339,"stat.craftItem.minecraft.cooked_mutton":38,"stat.pickup.minecraft.cooked_mutton":50,"stat.chestOpened":584,"stat.useItem.minecraft.cooked_rabbit":1,"stat.craftItem.minecraft.light_weighted_pressure_plate":1,"stat.useItem.minecraft.stone":36,"stat.drop.extrautils2.indexerremote":4,"stat.pickup.minecraft.arrow":576,"stat.pickup.minecraft.iron_sword":5,"stat.killEntity.Ghast":2,"stat.craftItem.minecraft.quartz_block":1,"stat.pickup.minecraft.gold_nugget":7,"stat.drop.minecraft.iron_pickaxe":2,"stat.useItem.minecraft.rabbit_stew":2,"stat.pickup.minecraft.carrot":145,"stat.crouchOneCm":20152,"stat.craftItem.minecraft.iron_ingot":269,"stat.craftingTableInteraction":202,"stat.craftItem.extrautils2.decorativesolid":66,"stat.mineBlock.minecraft.log2":12,"stat.useItem.minecraft.reeds":14,"stat.pickup.betternether.stalagnate_stem":11,"stat.pickup.minecraft.dye":362,"stat.pickup.minecraft.planks":380,"stat.pickup.minecraft.wheat_seeds":2001,"stat.mineBlock.betternether.nether_mycelium":7,"stat.mineBlock.minecraft.dirt":911,"stat.useItem.minecraft.bread":128,"stat.useItem.minecraft.cobblestone":510,"stat.pickup.minecraft.magma":275,"stat.useItem.minecraft.gravel":8,"stat.mineBlock.minecraft.double_plant":27,"stat.mineBlock.betternether.cincinnasite_ore":142,"stat.pickup.minecraft.iron_pickaxe":27,"stat.pickup.betternether.nether_brick_tile_small":2,"stat.craftItem.minecraft.gold_ingot":79,"stat.drop.minecraft.sapling":2,"stat.pickup.minecraft.chicken":3,"stat.mineBlock.betternether.cincinnasite_forged":3,"stat.pickup.minecraft.apple":1,"stat.craftItem.minecraft.bucket":1,"stat.craftItem.minecraft.planks":734,"stat.useItem.minecraft.iron_sword":455,"stat.pickup.minecraft.book":227,"stat.useItem.minecraft.stonebrick":1,"stat.mineBlock.minecraft.log":21,"stat.craftItem.minecraft.paper":222,"stat.pickup.minecraft.red_flower":6,"stat.pickup.minecraft.wool":50,"stat.pickup.betternether.stalagnate_seed":3,"stat.pickup.minecraft.cooked_fish":4,"stat.useItem.minecraft.wooden_axe":2,"stat.pickup.extrautils2.pipe":302,"stat.cakeSlicesEaten":18,"stat.craftItem.minecraft.cooked_rabbit":1,"stat.craftItem.minecraft.diamond_leggings":1,"stat.pickup.minecraft.bookshelf":1,"stat.useItem.minecraft.iron_axe":1114,"stat.drop.minecraft.stone_shovel":1,"stat.mineBlock.minecraft.cobblestone":76,"stat.pickup.minecraft.stone_pickaxe":5,"stat.pickup.minecraft.flint":53,"stat.mineBlock.minecraft.yellow_flower":3,"stat.killEntity.firefly":4,"stat.mineBlock.betternether.barrel_cactus":10,"stat.pickup.minecraft.leather_chestplate":6,"stat.mineBlock.betternether.nether_cactus":36,"stat.pickup.minecraft.enchanted_book":5,"stat.drop.minecraft.cobblestone":8,"stat.pickup.minecraft.cooked_porkchop":10,"stat.useItem.minecraft.cookie":2,"stat.useItem.minecraft.stone_slab2":151,"stat.pickup.minecraft.bow":19,"stat.pickup.minecraft.iron_boots":16,"stat.drop.betternether.stalagnate_seed":1,"stat.craftItem.minecraft.furnace":2,"stat.craftItem.betternether.cincinnasite_block":10,"stat.pickup.minecraft.golden_axe":1,"stat.useItem.betternether.nether_reed":6,"stat.craftItem.minecraft.iron_boots":2,"stat.pickup.minecraft.pumpkin_pie":1,"stat.pickup.gb.gow":18,"stat.pickup.betternether.nether_reed":86,"stat.craftItem.minecraft.cooked_beef":60,"stat.mineBlock.minecraft.obsidian":3,"stat.drop.minecraft.quartz_stairs":9,"stat.flyOneCm":4399731,"stat.pickup.minecraft.sandstone":13,"stat.craftItem.extrautils2.passivegenerator":44,"stat.timeSinceDeath":172821,"stat.killEntity.Bat":1,"stat.craftItem.minecraft.stonebrick":72,"stat.pickup.travelersbackpack.travelers_backpack":18,"stat.useItem.minecraft.potato":64,"stat.pickup.buildcraftcore.engine":1,"stat.pickup.minecraft.nether_wart":60,"stat.killEntity.Wolf":1,"stat.mineBlock.minecraft.coal_ore":184,"stat.killEntity.Creeper":61,"stat.pickup.minecraft.shield":31,"stat.talkedToVillager":121,"stat.pickup.extrautils2.ingredients":40,"stat.drop.minecraft.baked_potato":11,"stat.pickup.minecraft.string":394,"stat.mineBlock.betternether.smoker":1,"stat.pickup.extrautils2.glasscutter":1,"stat.drop.usefulbackpacks.backpack":4,"stat.entityKilledBy.Skeleton":2,"stat.drop.minecraft.obsidian":2,"stat.useItem.minecraft.written_book":1,"stat.drop.betternether.egg_plant":2,"stat.sprintOneCm":6176898,"stat.craftItem.minecraft.wooden_axe":1,"stat.pickup.minecraft.bone_block":882,"stat.pickup.extrautils2.passivegenerator":6,"stat.craftItem.extrautils2.indexer":2,"stat.mineBlock.minecraft.diamond_ore":83,"stat.pickup.mowziesmobs.barakoa_mask_fear":3,"stat.pickup.extrautils2.decorativesolid":13,"stat.mineBlock.betternether.reeds_stairs":2,"stat.waystones:waystonesActivated":5,"stat.pickup.minecraft.leather_leggings":7,"stat.useItem.minecraft.ladder":4,"stat.killEntity.Zombie":417,"stat.craftItem.minecraft.dye":2,"stat.craftItem.minecraft.diamond_axe":1,"stat.mineBlock.minecraft.gold_ore":300,"stat.craftItem.gb.gring27":1,"stat.diveOneCm":123512,"stat.pickup.minecraft.wheat":865,"stat.mineBlock.minecraft.mossy_cobblestone":3,"stat.craftItem.minecraft.ladder":5,"stat.craftItem.minecraft.cooked_porkchop":32,"stat.pickup.minecraft.stone_axe":2,"stat.mineBlock.extrautils2.resonator":1,"stat.pickup.minecraft.obsidian":4,"stat.mineBlock.betternether.cincinnasite_bricks_pillar":2,"stat.useItem.minecraft.rotten_flesh":18,"stat.pickup.betternether.black_bush":1,"stat.jump":23381,"stat.useItem.minecraft.sand":2,"stat.pickup.minecraft.coal":447,"stat.pickup.minecraft.iron_ingot":322,"stat.pickup.extrautils2.indexer":4,"stat.pickup.betternether.cincinnasite_pickaxe_diamond":1,"stat.pickup.minecraft.gunpowder":55,"stat.craftItem.minecraft.torch":24,"stat.pickup.minecraft.dirt":2140,"stat.useItem.minecraft.glass":43,"stat.pickup.minecraft.stone_shovel":2,"stat.pickup.minecraft.gold_ore":275,"stat.mineBlock.minecraft.lapis_ore":36,"stat.pickup.minecraft.red_sandstone":1,"stat.pickup.minecraft.iron_axe":24,"stat.pickup.minecraft.cookie":6,"stat.mineBlock.minecraft.glass_pane":4,"stat.damageTaken":33683,"stat.mineBlock.minecraft.torch":30,"stat.mineBlock.minecraft.red_flower":1,"stat.pickup.minecraft.written_book":1,"stat.pickup.minecraft.log2":78,"stat.pickup.minecraft.potato":154,"stat.useItem.forge.bucketfilled":1,"stat.entityKilledBy.Zombie":8,"stat.pickup.minecraft.rabbit_hide":1,"stat.pickup.minecraft.diamond_axe":15,"stat.mineBlock.torcherino.blocktorcherino":5,"stat.killEntity.Silverfish":27,"stat.mineBlock.betternether.nether_brick_tile_stairs":2,"stat.animalsBred":152,"stat.useItem.minecraft.chest":63,"stat.drop.minecraft.wheat":4,"stat.pickup.minecraft.diamond_pickaxe":8,"stat.useItem.minecraft.lava_bucket":32,"stat.drop.minecraft.netherrack":1,"stat.useItem.minecraft.melon":2,"stat.craftItem.minecraft.wheat":198,"stat.pickup.mowziesmobs.barako_mask":1,"stat.craftItem.minecraft.iron_chestplate":2,"stat.pickup.minecraft.baked_potato":262,"stat.pickup.minecraft.ender_pearl":94,"stat.pickup.minecraft.ladder":2,"stat.pickup.minecraft.cooked_beef":10,"stat.useItem.minecraft.netherrack":757,"stat.craftItem.minecraft.bookshelf":36,"stat.mineBlock.minecraft.stonebrick":93,"stat.drop.betternether.nether_brick_tile_stairs":1,"stat.mineBlock.betternether.bone_mushroom":4,"stat.mineBlock.minecraft.glowstone":16,"stat.mobKills":1301,"stat.mineBlock.minecraft.bookshelf":42,"stat.useItem.gb.gigger":947,"stat.useItem.minecraft.boat":2,"stat.pickup.minecraft.diamond":152,"stat.pickup.minecraft.iron_horse_armor":2,"stat.pickup.minecraft.torch":510,"stat.entityKilledBy.Silverfish":2,"stat.pickup.betternether.reeds_stairs":2,"stat.drop.minecraft.stone_axe":1,"stat.useItem.minecraft.bookshelf":29,"stat.craftItem.minecraft.iron_axe":5,"stat.killEntity.Blaze":91,"stat.pickup.gravestone.death_info":20,"stat.mineBlock.betternether.nether_reed":53,"stat.useItem.minecraft.mutton":8,"stat.useItem.minecraft.planks":157,"stat.pickup.minecraft.golden_boots":1,"stat.pickup.minecraft.glowstone_dust":172,"stat.pickup.gb.glob":544,"stat.drop.minecraft.bowl":3,"stat.pickup.minecraft.porkchop":49,"stat.pickup.minecraft.glass":49,"stat.useItem.minecraft.water_bucket":165,"stat.mineBlock.minecraft.stone_brick_stairs":49,"stat.pickup.minecraft.sand":29,"stat.entityKilledBy.Spider":2,"stat.mineBlock.gb.glucky_block":10,"stat.pickup.betternether.egg_plant":20,"stat.useItem.minecraft.ender_pearl":15,"stat.craftItem.extrautils2.resonator":1,"stat.mineBlock.minecraft.sand":5,"stat.hopperInspected":2,"stat.drop.minecraft.diamond":4,"stat.mineBlock.betternether.bone_tile":1,"stat.trappedChestTriggered":2,"stat.drop.gravestone.death_info":30,"stat.pickup.betternether.orange_mushroom":10,"stat.craftItem.gb.gring":1,"stat.pickup.hammertime.itemshoveliron":2,"stat.craftItem.gb.globot_raw":137,"stat.pickup.betternether.cincinnasite_bricks_pillar":1,"stat.useItem.extrautils2.pipe":109,"stat.pickup.minecraft.furnace":7,"stat.useItem.minecraft.cooked_mutton":46,"stat.mineBlock.minecraft.end_bricks":2,"stat.pickup.minecraft.iron_chestplate":17,"stat.killEntity.Horse":1,"stat.useItem.extrautils2.indexerremote":3,"stat.useItem.minecraft.pumpkin_pie":1,"stat.pickup.minecraft.saddle":2,"stat.mineBlock.minecraft.soul_sand":1,"stat.pickup.minecraft.mycelium":2,"stat.playOneMinute":2034263,"stat.pickup.minecraft.blaze_rod":47,"stat.drop.minecraft.string":1,"stat.drop.minecraft.chest":2,"stat.pickup.minecraft.iron_bars":42,"stat.pickup.minecraft.netherrack":2074,"stat.mineBlock.minecraft.netherrack":670,"stat.mineBlock.minecraft.gold_block":2,"stat.pickup.minecraft.cooked_chicken":2,"stat.fallOneCm":668461,"stat.craftItem.minecraft.chest":3,"stat.pickup.minecraft.golden_leggings":2,"stat.pickup.minecraft.melon":2,"stat.pickup.minecraft.feather":3,"stat.drop.minecraft.bone":1,"stat.craftItem.minecraft.wooden_button":1,"stat.mineBlock.extrautils2.indexer":4,"stat.craftItem.extrautils2.indexerremote":4,"stat.pickup.betternether.reeds_block":12,"stat.craftItem.extrautils2.ingredients":36,"stat.pickup.minecraft.iron_leggings":18,"stat.mineBlock.minecraft.gravel":42,"stat.useItem.minecraft.stone_pickaxe":263,"stat.pickup.waystones.waystone":2,"stat.pickup.betternether.cincinnasite":197,"stat.craftItem.minecraft.iron_leggings":3,"stat.killEntity.Rabbit":1,"stat.pickup.minecraft.chainmail_boots":7,"stat.drop.minecraft.iron_axe":3,"stat.pickup.minecraft.flint_and_steel":18,"stat.mineBlock.minecraft.monster_egg":6,"stat.mineBlock.minecraft.quartz_stairs":12,"stat.useItem.minecraft.torch":88,"stat.useItem.extrautils2.grocket":2,"stat.pickup.minecraft.crafting_table":11,"stat.craftItem.minecraft.crafting_table":3,"stat.pickup.gb.gigger":4,"stat.useItem.betternether.cincinnasite_axe_diamond":63,"stat.craftItem.minecraft.boat":2,"stat.killEntity.LavaSlime":3,"stat.pickup.extrautils2.grocket":3,"stat.mineBlock.minecraft.emerald_ore":51,"stat.pickup.minecraft.redstone_block":2,"stat.pickup.minecraft.log":28,"stat.useItem.minecraft.cooked_fish":6,"stat.pickup.usefulbackpacks.backpack":21,"stat.drop.minecraft.planks":3,"stat.pickup.minecraft.chainmail_leggings":1,"stat.pickup.minecraft.sapling":9,"stat.entityKilledBy.Enderman":2,"stat.killEntity.WitherSkeleton":16,"stat.craftItem.gb.glob":1,"stat.craftItem.minecraft.sugar":18,"stat.pickup.betternether.nether_mycelium":15,"stat.sneakTime":12777,"stat.pickup.minecraft.rabbit":1,"stat.pickup.minecraft.rabbit_stew":2,"stat.useItem.minecraft.baked_potato":211,"stat.drop.minecraft.wooden_axe":1,"stat.pickup.minecraft.chest":125,"stat.craftItem.minecraft.enchanting_table":2,"stat.drop.minecraft.stone_pickaxe":1,"stat.pickup.minecraft.bone":278,"stat.useItem.minecraft.mushroom_stew":1,"stat.horseOneCm":1745034,"stat.mineBlock.minecraft.brown_mushroom":2,"stat.craftItem.minecraft.diamond_helmet":1,"stat.swimOneCm":171470,"stat.climbOneCm":31422,"stat.mineBlock.gb.gobber_ore":156,"stat.mineBlock.minecraft.spruce_stairs":1,"stat.useItem.minecraft.dirt":302,"stat.pickup.minecraft.golden_helmet":2,"stat.mineBlock.betternether.nether_grass":9,"stat.pickup.minecraft.cooked_rabbit":4,"stat.pickup.minecraft.enchanting_table":1,"stat.useItem.betternether.cincinnasite_pickaxe_diamond":2,"stat.drop.minecraft.ender_pearl":1,"stat.craftItem.minecraft.stone_pickaxe":2,"stat.mineBlock.minecraft.magma":105,"stat.pickup.minecraft.cobblestone":4871,"stat.pickup.minecraft.quartz_stairs":9,"stat.pickup.minecraft.gold_block":2,"stat.mineBlock.minecraft.redstone_block":2,"stat.useItem.minecraft.stone_shovel":132,"stat.pickup.minecraft.soul_sand":192,"stat.drop.minecraft.wheat_seeds":5,"stat.useItem.minecraft.cooked_beef":59,"stat.pickup.minecraft.redstone":486,"stat.mineBlock.minecraft.iron_ore":518,"stat.craftItem.minecraft.book":73,"stat.pickup.minecraft.mutton":81,"stat.pickup.betternether.nether_brick_tile_stairs":1,"stat.pickup.minecraft.mossy_cobblestone":3,"stat.craftItem.extrautils2.screen":6,"stat.drop.minecraft.iron_bars":2,"stat.pickup.minecraft.stonebrick":35,"stat.drop.minecraft.mycelium":2,"stat.useItem.minecraft.cooked_porkchop":33,"stat.pickup.minecraft.iron_shovel":18,"stat.mineBlock.minecraft.nether_brick":14,"stat.mineBlock.minecraft.red_sandstone_stairs":2,"stat.craftItem.betternether.quartz_glass":10,"stat.mineBlock.betternether.black_bush":1,"stat.pickup.gb.glopper":4,"stat.mineBlock.betternether.agave":7,"stat.pickup.betternether.cincinnasite_axe_diamond":1,"stat.craftItem.minecraft.stone_slab2":0,"stat.useItem.minecraft.golden_axe":16,"stat.pickup.minecraft.paper":124,"stat.craftItem.minecraft.stick":76,"stat.useItem.extrautils2.passivegenerator":37,"stat.craftItem.minecraft.stone":122,"stat.mineBlock.minecraft.crafting_table":10,"stat.pickup.extrautils2.resonator":1,"stat.mineBlock.minecraft.quartz_block":41,"stat.useItem.minecraft.diamond_pickaxe":909,"stat.useItem.minecraft.carrot":109,"stat.mineBlock.betternether.reeds_block":6,"stat.pickup.minecraft.diamond_chestplate":4,"stat.entityKilledBy.Creeper":1,"stat.mineBlock.minecraft.planks":11,"stat.drop":141,"stat.killEntity.Sheep":33,"stat.pickup.minecraft.slime_ball":20,"stat.pickup.minecraft.golden_chestplate":3,"stat.drop.minecraft.bread":1,"stat.pickup.gb.gring27":2,"stat.drop.minecraft.nether_wart":2,"stat.pickup.minecraft.gravel":50,"stat.drop.minecraft.cooked_beef":1,"stat.killEntity.Slime":8,"stat.useItem.minecraft.diamond_axe":155,"stat.useItem.minecraft.apple":2,"stat.useItem.minecraft.porkchop":4,"stat.useItem.minecraft.potion":3,"stat.drop.minecraft.cooked_porkchop":9,"stat.pickup.minecraft.stone_brick_stairs":3,"stat.pickup.minecraft.iron_helmet":18,"stat.useItem.minecraft.stone_axe":87,"stat.craftItem.minecraft.bread":56,"stat.pickup.minecraft.spider_eye":44,"stat.mineBlock.betternether.block_eyeball":5,"stat.craftItem.minecraft.iron_helmet":3,"stat.useItem.minecraft.cooked_chicken":8,"stat.pickup.minecraft.iron_ore":509,"stat.boatOneCm":8319,"stat.mineBlock.minecraft.iron_bars":66,"stat.craftItem.minecraft.flint_and_steel":1,"stat.pickup.minecraft.leather":120,"stat.mineBlock.minecraft.furnace":6,"stat.useItem.minecraft.wooden_pickaxe":18,"stat.drop.gb.gow":1,"stat.pickup.minecraft.reeds":283,"stat.killEntity.CaveSpider":53,"stat.damageDealt":110720,"stat.sleepInBed":4,"stat.craftItem.minecraft.baked_potato":204,"stat.pickup.minecraft.end_bricks":1,"stat.killEntity.Cow":22,"stat.killEntity.Pig":26,"stat.craftItem.minecraft.iron_sword":1,"stat.mineBlock.betternether.nether_brick_tile_small":4,"stat.craftItem.minecraft.stone_shovel":1,"stat.pickup.minecraft.boat":11,"stat.walkOneCm":7052000,"stat.playerKills":9,"stat.pickup.minecraft.stick":24,"stat.useItem.gb.glopper":303,"stat.craftItem.minecraft.diamond_boots":1,"stat.pickup.betternether.cincinnasite_stairs":4,"stat.pickup.minecraft.stone":495,"stat.pickup.torcherino.blocktorcherino":4,"stat.pickup.betternether.bone_mushroom":36,"stat.craftItem.minecraft.redstone":5,"stat.pickup.minecraft.gold_ingot":95,"stat.mineBlock.betternether.netherrack_moss":11,"stat.pickup.betternether.netherrack_moss":1,"stat.killEntity.Skeleton":197,"stat.killEntity.Chicken":3,"stat.killEntity.Spider":135,"stat.mineBlock.minecraft.quartz_ore":112,"stat.pickup.minecraft.bread":94,"stat.pickup.gb.globette":21,"stat.useItem.gb.gow":1046,"stat.pickup.minecraft.quartz":147,"stat.pickup.mowziesmobs.barakoa_mask_bliss":2,"stat.pickup.minecraft.water_bucket":20,"stat.pickup.minecraft.golden_shovel":1,"stat.mineBlock.minecraft.leaves":26,"stat.mineBlock.betternether.egg_plant":1,"stat.pickup.minecraft.spruce_stairs":1,"stat.mineBlock.minecraft.redstone_ore":45,"stat.pickup.minecraft.lava_bucket":16,"stat.craftItem.minecraft.coal_block":1,"stat.mineBlock.minecraft.bone_block":63,"stat.mineBlock.minecraft.hay_block":48,"stat.mineBlock.minecraft.stone":714,"stat.useItem.minecraft.sandstone":6}