{"stat.useItem.minecraft.bow":5,"stat.leaveGame":25,"stat.drop.minecraft.redstone":13,"stat.pickup.extrautils2.indexerremote":10,"stat.craftItem.gb.globot":18,"stat.mineBlock.minecraft.sandstone":19,"stat.craftItem.minecraft.shield":1,"stat.mineBlock.minecraft.web":2,"stat.mineBlock.gravestone.gravestone":15,"stat.craftItem.extrautils2.endershard":32,"stat.mineBlock.minecraft.red_sandstone":2,"stat.pickup.minecraft.rotten_flesh":322,"stat.craftItem.minecraft.stone_axe":1,"stat.pickup.minecraft.bucket":14,"stat.killEntity.Enderman":76,"stat.pickup.minecraft.leather_boots":8,"stat.craftItem.minecraft.iron_shovel":1,"stat.killEntity.Witch":2,"stat.craftItem.disenchanter.disenchantmenttable":1,"stat.useItem.minecraft.iron_pickaxe":1542,"stat.craftItem.minecraft.wooden_pickaxe":1,"stat.pickup.extrautils2.endershard":39,"stat.useItem.minecraft.iron_shovel":694,"stat.pickup.minecraft.double_plant":7,"stat.craftItem.minecraft.bed":1,"stat.mineBlock.minecraft.vine":22,"stat.furnaceInteraction":242,"stat.killEntity.ZombieVillager":17,"stat.drop.gb.glob":1,"stat.pickup.minecraft.beef":14,"stat.pickup.hammertime.itemsickleiron":1,"stat.pickup.minecraft.leather_helmet":7,"stat.pickup.minecraft.potion":5,"stat.useItem.minecraft.flint_and_steel":18,"stat.useItem.minecraft.wheat_seeds":461,"stat.killEntity.Husk":6,"stat.pickup.minecraft.emerald":31,"stat.deaths":18,"stat.craftItem.minecraft.iron_pickaxe":3,"stat.mineBlock.minecraft.tallgrass":322,"stat.craftItem.minecraft.cooked_mutton":7,"stat.pickup.minecraft.cooked_mutton":2,"stat.chestOpened":348,"stat.useItem.minecraft.cooked_rabbit":1,"stat.craftItem.minecraft.light_weighted_pressure_plate":1,"stat.useItem.minecraft.stone":36,"stat.drop.extrautils2.indexerremote":4,"stat.pickup.minecraft.arrow":480,"stat.pickup.minecraft.iron_sword":2,"stat.craftItem.minecraft.quartz_block":1,"stat.drop.minecraft.iron_pickaxe":2,"stat.useItem.minecraft.rabbit_stew":2,"stat.pickup.minecraft.carrot":131,"stat.crouchOneCm":13416,"stat.craftItem.minecraft.iron_ingot":205,"stat.craftingTableInteraction":160,"stat.craftItem.extrautils2.decorativesolid":66,"stat.mineBlock.minecraft.log2":10,"stat.useItem.minecraft.reeds":14,"stat.pickup.minecraft.dye":199,"stat.pickup.minecraft.planks":292,"stat.pickup.minecraft.wheat_seeds":946,"stat.mineBlock.minecraft.dirt":882,"stat.useItem.minecraft.bread":22,"stat.useItem.minecraft.cobblestone":409,"stat.useItem.minecraft.gravel":7,"stat.mineBlock.minecraft.double_plant":26,"stat.mineBlock.betternether.cincinnasite_ore":1,"stat.pickup.minecraft.iron_pickaxe":17,"stat.pickup.betternether.nether_brick_tile_small":2,"stat.craftItem.minecraft.gold_ingot":22,"stat.drop.minecraft.sapling":2,"stat.pickup.minecraft.apple":1,"stat.craftItem.minecraft.bucket":1,"stat.craftItem.minecraft.planks":602,"stat.useItem.minecraft.iron_sword":412,"stat.pickup.minecraft.book":125,"stat.useItem.minecraft.stonebrick":1,"stat.mineBlock.minecraft.log":18,"stat.craftItem.minecraft.paper":117,"stat.pickup.minecraft.red_flower":6,"stat.pickup.minecraft.wool":37,"stat.pickup.minecraft.cooked_fish":4,"stat.useItem.minecraft.wooden_axe":2,"stat.pickup.extrautils2.pipe":302,"stat.cakeSlicesEaten":6,"stat.craftItem.minecraft.cooked_rabbit":1,"stat.pickup.minecraft.bookshelf":1,"stat.useItem.minecraft.iron_axe":998,"stat.drop.minecraft.stone_shovel":1,"stat.mineBlock.minecraft.cobblestone":64,"stat.pickup.minecraft.stone_pickaxe":5,"stat.pickup.minecraft.flint":8,"stat.mineBlock.minecraft.yellow_flower":2,"stat.pickup.minecraft.leather_chestplate":1,"stat.drop.minecraft.cobblestone":8,"stat.pickup.minecraft.cooked_porkchop":10,"stat.useItem.minecraft.cookie":2,"stat.useItem.minecraft.stone_slab2":128,"stat.pickup.minecraft.bow":14,"stat.pickup.minecraft.iron_boots":9,"stat.craftItem.minecraft.furnace":2,"stat.pickup.minecraft.golden_axe":1,"stat.craftItem.minecraft.iron_boots":2,"stat.pickup.minecraft.pumpkin_pie":1,"stat.pickup.gb.gow":10,"stat.craftItem.minecraft.cooked_beef":22,"stat.flyOneCm":2327303,"stat.pickup.minecraft.sandstone":10,"stat.craftItem.extrautils2.passivegenerator":44,"stat.timeSinceDeath":446986,"stat.craftItem.minecraft.stonebrick":72,"stat.pickup.travelersbackpack.travelers_backpack":11,"stat.useItem.minecraft.potato":64,"stat.pickup.buildcraftcore.engine":1,"stat.killEntity.Wolf":1,"stat.mineBlock.minecraft.coal_ore":181,"stat.killEntity.Creeper":22,"stat.pickup.minecraft.shield":26,"stat.talkedToVillager":104,"stat.pickup.extrautils2.ingredients":35,"stat.pickup.minecraft.string":154,"stat.pickup.extrautils2.glasscutter":1,"stat.drop.usefulbackpacks.backpack":4,"stat.entityKilledBy.Skeleton":2,"stat.useItem.minecraft.written_book":1,"stat.sprintOneCm":3432047,"stat.craftItem.minecraft.wooden_axe":1,"stat.pickup.minecraft.bone_block":693,"stat.pickup.extrautils2.passivegenerator":6,"stat.craftItem.extrautils2.indexer":2,"stat.mineBlock.minecraft.diamond_ore":77,"stat.pickup.extrautils2.decorativesolid":13,"stat.waystones:waystonesActivated":3,"stat.pickup.minecraft.leather_leggings":4,"stat.useItem.minecraft.ladder":2,"stat.killEntity.Zombie":195,"stat.craftItem.minecraft.dye":2,"stat.mineBlock.minecraft.gold_ore":65,"stat.diveOneCm":95060,"stat.pickup.minecraft.wheat":418,"stat.mineBlock.minecraft.mossy_cobblestone":3,"stat.craftItem.minecraft.ladder":2,"stat.craftItem.minecraft.cooked_porkchop":32,"stat.pickup.minecraft.stone_axe":2,"stat.mineBlock.extrautils2.resonator":1,"stat.useItem.minecraft.rotten_flesh":16,"stat.jump":12615,"stat.useItem.minecraft.sand":2,"stat.pickup.minecraft.coal":442,"stat.pickup.minecraft.iron_ingot":4,"stat.pickup.extrautils2.indexer":4,"stat.pickup.minecraft.gunpowder":25,"stat.craftItem.minecraft.torch":24,"stat.pickup.minecraft.dirt":1734,"stat.useItem.minecraft.glass":43,"stat.pickup.minecraft.stone_shovel":2,"stat.pickup.minecraft.gold_ore":69,"stat.mineBlock.minecraft.lapis_ore":10,"stat.pickup.minecraft.iron_axe":18,"stat.pickup.minecraft.cookie":6,"stat.mineBlock.minecraft.glass_pane":4,"stat.damageTaken":19493,"stat.mineBlock.minecraft.torch":28,"stat.mineBlock.minecraft.red_flower":1,"stat.pickup.minecraft.written_book":1,"stat.pickup.minecraft.log2":76,"stat.pickup.minecraft.potato":154,"stat.useItem.forge.bucketfilled":1,"stat.entityKilledBy.Zombie":5,"stat.pickup.minecraft.rabbit_hide":1,"stat.pickup.minecraft.diamond_axe":4,"stat.mineBlock.torcherino.blocktorcherino":4,"stat.killEntity.Silverfish":22,"stat.mineBlock.betternether.nether_brick_tile_stairs":2,"stat.animalsBred":60,"stat.useItem.minecraft.chest":63,"stat.drop.minecraft.wheat":4,"stat.pickup.minecraft.diamond_pickaxe":1,"stat.useItem.minecraft.lava_bucket":30,"stat.useItem.minecraft.melon":2,"stat.craftItem.minecraft.iron_chestplate":1,"stat.pickup.minecraft.baked_potato":257,"stat.pickup.minecraft.ender_pearl":40,"stat.pickup.minecraft.ladder":2,"stat.useItem.minecraft.netherrack":21,"stat.craftItem.minecraft.bookshelf":31,"stat.mineBlock.minecraft.stonebrick":39,"stat.drop.betternether.nether_brick_tile_stairs":1,"stat.mobKills":605,"stat.mineBlock.minecraft.bookshelf":18,"stat.pickup.minecraft.diamond":101,"stat.pickup.minecraft.torch":285,"stat.entityKilledBy.Silverfish":2,"stat.drop.minecraft.stone_axe":1,"stat.useItem.minecraft.bookshelf":26,"stat.craftItem.minecraft.iron_axe":4,"stat.pickup.gravestone.death_info":17,"stat.useItem.minecraft.mutton":8,"stat.useItem.minecraft.planks":157,"stat.pickup.minecraft.golden_boots":1,"stat.pickup.minecraft.glowstone_dust":2,"stat.pickup.gb.glob":121,"stat.drop.minecraft.bowl":3,"stat.pickup.minecraft.porkchop":49,"stat.pickup.minecraft.glass":49,"stat.useItem.minecraft.water_bucket":154,"stat.mineBlock.minecraft.stone_brick_stairs":19,"stat.pickup.minecraft.sand":29,"stat.entityKilledBy.Spider":2,"stat.mineBlock.gb.glucky_block":6,"stat.useItem.minecraft.ender_pearl":3,"stat.craftItem.extrautils2.resonator":1,"stat.mineBlock.minecraft.sand":5,"stat.drop.minecraft.diamond":4,"stat.trappedChestTriggered":2,"stat.drop.gravestone.death_info":21,"stat.pickup.hammertime.itemshoveliron":2,"stat.craftItem.gb.globot_raw":18,"stat.useItem.extrautils2.pipe":109,"stat.pickup.minecraft.furnace":7,"stat.useItem.minecraft.cooked_mutton":12,"stat.pickup.minecraft.iron_chestplate":11,"stat.killEntity.Horse":1,"stat.useItem.extrautils2.indexerremote":3,"stat.pickup.minecraft.mycelium":2,"stat.playOneMinute":1301328,"stat.drop.minecraft.string":1,"stat.drop.minecraft.chest":1,"stat.pickup.minecraft.iron_bars":36,"stat.pickup.minecraft.netherrack":122,"stat.mineBlock.minecraft.netherrack":191,"stat.pickup.minecraft.cooked_chicken":2,"stat.fallOneCm":380975,"stat.craftItem.minecraft.chest":1,"stat.pickup.minecraft.golden_leggings":2,"stat.pickup.minecraft.melon":2,"stat.craftItem.minecraft.wooden_button":1,"stat.mineBlock.extrautils2.indexer":4,"stat.craftItem.extrautils2.indexerremote":4,"stat.craftItem.extrautils2.ingredients":36,"stat.pickup.minecraft.iron_leggings":11,"stat.mineBlock.minecraft.gravel":30,"stat.useItem.minecraft.stone_pickaxe":263,"stat.pickup.betternether.cincinnasite":2,"stat.craftItem.minecraft.iron_leggings":1,"stat.killEntity.Rabbit":1,"stat.pickup.minecraft.chainmail_boots":2,"stat.drop.minecraft.iron_axe":3,"stat.pickup.minecraft.flint_and_steel":11,"stat.mineBlock.minecraft.monster_egg":2,"stat.useItem.minecraft.torch":88,"stat.useItem.extrautils2.grocket":2,"stat.pickup.minecraft.crafting_table":11,"stat.craftItem.minecraft.crafting_table":3,"stat.craftItem.minecraft.boat":1,"stat.pickup.extrautils2.grocket":3,"stat.mineBlock.minecraft.emerald_ore":18,"stat.pickup.minecraft.redstone_block":2,"stat.pickup.minecraft.log":25,"stat.useItem.minecraft.cooked_fish":6,"stat.pickup.usefulbackpacks.backpack":14,"stat.drop.minecraft.planks":3,"stat.pickup.minecraft.chainmail_leggings":1,"stat.pickup.minecraft.sapling":6,"stat.entityKilledBy.Enderman":1,"stat.killEntity.WitherSkeleton":5,"stat.craftItem.gb.glob":1,"stat.craftItem.minecraft.sugar":18,"stat.sneakTime":8394,"stat.pickup.minecraft.rabbit":1,"stat.pickup.minecraft.rabbit_stew":2,"stat.useItem.minecraft.baked_potato":152,"stat.drop.minecraft.wooden_axe":1,"stat.pickup.minecraft.chest":124,"stat.craftItem.minecraft.enchanting_table":2,"stat.drop.minecraft.stone_pickaxe":1,"stat.pickup.minecraft.bone":227,"stat.useItem.minecraft.mushroom_stew":1,"stat.swimOneCm":125773,"stat.climbOneCm":20922,"stat.mineBlock.gb.gobber_ore":11,"stat.useItem.minecraft.dirt":167,"stat.pickup.minecraft.golden_helmet":2,"stat.mineBlock.betternether.nether_grass":3,"stat.pickup.minecraft.cooked_rabbit":4,"stat.pickup.minecraft.enchanting_table":1,"stat.drop.minecraft.ender_pearl":1,"stat.craftItem.minecraft.stone_pickaxe":2,"stat.pickup.minecraft.cobblestone":4017,"stat.mineBlock.minecraft.redstone_block":2,"stat.useItem.minecraft.stone_shovel":132,"stat.drop.minecraft.wheat_seeds":5,"stat.useItem.minecraft.cooked_beef":22,"stat.pickup.minecraft.redstone":482,"stat.mineBlock.minecraft.iron_ore":339,"stat.craftItem.minecraft.book":39,"stat.pickup.minecraft.mutton":45,"stat.pickup.betternether.nether_brick_tile_stairs":1,"stat.pickup.minecraft.mossy_cobblestone":3,"stat.craftItem.extrautils2.screen":6,"stat.drop.minecraft.iron_bars":2,"stat.pickup.minecraft.stonebrick":35,"stat.drop.minecraft.mycelium":2,"stat.useItem.minecraft.cooked_porkchop":33,"stat.pickup.minecraft.iron_shovel":12,"stat.craftItem.betternether.quartz_glass":10,"stat.craftItem.minecraft.stone_slab2":0,"stat.pickup.minecraft.paper":78,"stat.craftItem.minecraft.stick":64,"stat.useItem.extrautils2.passivegenerator":37,"stat.craftItem.minecraft.stone":122,"stat.mineBlock.minecraft.crafting_table":10,"stat.pickup.extrautils2.resonator":1,"stat.mineBlock.minecraft.quartz_block":12,"stat.useItem.minecraft.diamond_pickaxe":152,"stat.useItem.minecraft.carrot":86,"stat.entityKilledBy.Creeper":1,"stat.mineBlock.minecraft.planks":11,"stat.drop":98,"stat.killEntity.Sheep":19,"stat.pickup.minecraft.golden_chestplate":3,"stat.pickup.minecraft.gravel":47,"stat.killEntity.Slime":5,"stat.useItem.minecraft.apple":2,"stat.useItem.minecraft.porkchop":4,"stat.useItem.minecraft.potion":1,"stat.drop.minecraft.cooked_porkchop":9,"stat.pickup.minecraft.stone_brick_stairs":3,"stat.pickup.minecraft.iron_helmet":12,"stat.useItem.minecraft.stone_axe":87,"stat.craftItem.minecraft.bread":11,"stat.pickup.minecraft.spider_eye":37,"stat.craftItem.minecraft.iron_helmet":1,"stat.useItem.minecraft.cooked_chicken":8,"stat.pickup.minecraft.iron_ore":348,"stat.mineBlock.minecraft.iron_bars":36,"stat.craftItem.minecraft.flint_and_steel":1,"stat.pickup.minecraft.leather":26,"stat.mineBlock.minecraft.furnace":6,"stat.useItem.minecraft.wooden_pickaxe":18,"stat.pickup.minecraft.reeds":176,"stat.killEntity.CaveSpider":19,"stat.damageDealt":67913,"stat.sleepInBed":4,"stat.craftItem.minecraft.baked_potato":204,"stat.killEntity.Cow":9,"stat.killEntity.Pig":26,"stat.craftItem.minecraft.iron_sword":1,"stat.mineBlock.betternether.nether_brick_tile_small":1,"stat.craftItem.minecraft.stone_shovel":1,"stat.pickup.minecraft.boat":10,"stat.walkOneCm":4627464,"stat.playerKills":6,"stat.pickup.minecraft.stick":24,"stat.pickup.minecraft.stone":470,"stat.pickup.torcherino.blocktorcherino":4,"stat.craftItem.minecraft.redstone":5,"stat.pickup.minecraft.gold_ingot":4,"stat.mineBlock.betternether.netherrack_moss":3,"stat.pickup.betternether.netherrack_moss":1,"stat.killEntity.Skeleton":107,"stat.killEntity.Spider":58,"stat.mineBlock.minecraft.quartz_ore":27,"stat.pickup.minecraft.bread":9,"stat.pickup.gb.globette":21,"stat.useItem.gb.gow":390,"stat.pickup.minecraft.quartz":94,"stat.pickup.minecraft.water_bucket":11,"stat.pickup.minecraft.golden_shovel":1,"stat.mineBlock.minecraft.leaves":10,"stat.mineBlock.minecraft.redstone_ore":45,"stat.pickup.minecraft.lava_bucket":9,"stat.craftItem.minecraft.coal_block":1,"stat.mineBlock.minecraft.bone_block":63,"stat.mineBlock.minecraft.stone":623,"stat.useItem.minecraft.sandstone":6}