{"stat.useItem.minecraft.bow":7,"stat.leaveGame":40,"stat.drop.minecraft.gunpowder":1,"stat.drop.minecraft.redstone":13,"stat.entityKilledBy.EvocationIllager":1,"stat.pickup.extrautils2.indexerremote":17,"stat.craftItem.gb.globot":138,"stat.mineBlock.minecraft.sandstone":21,"stat.killEntity.PigZombie":5,"stat.craftItem.minecraft.shield":1,"stat.mineBlock.minecraft.web":77,"stat.entityKilledBy.PigZombie":1,"stat.mineBlock.gravestone.gravestone":42,"stat.drop.twilightforest.huge_lilypad":2,"stat.craftItem.extrautils2.endershard":32,"stat.mineBlock.minecraft.red_sandstone":16,"stat.pickup.minecraft.rotten_flesh":991,"stat.pickup.minecraft.brick_block":2,"stat.craftItem.minecraft.stone_axe":1,"stat.drop.minecraft.leather_boots":2,"stat.pickup.minecraft.cobblestone_wall":1,"stat.pickup.minecraft.bucket":21,"stat.killEntity.Enderman":176,"stat.pickup.minecraft.leather_boots":19,"stat.craftItem.minecraft.iron_shovel":1,"stat.pickup.minecraft.brown_mushroom":14,"stat.killEntity.Witch":18,"stat.mineBlock.minecraft.end_stone":312,"stat.craftItem.disenchanter.disenchantmenttable":4,"stat.mineBlock.betternether.block_eyeball_small":1,"stat.craftItem.gb.gigger":1,"stat.useItem.minecraft.iron_pickaxe":1897,"stat.mineBlock.twilightforest.fire_jet":1,"stat.craftItem.minecraft.wooden_pickaxe":1,"stat.pickup.extrautils2.endershard":39,"stat.useItem.minecraft.iron_shovel":698,"stat.mineBlock.minecraft.brick_block":2,"stat.pickup.minecraft.double_plant":15,"stat.craftItem.minecraft.bed":1,"stat.drop.gb.glopper3":2,"stat.mineBlock.minecraft.vine":29,"stat.pickup.buildcrafttransport.pipe_stone_item":1,"stat.furnaceInteraction":333,"stat.pickup.betternether.cincinnasite_forged":6,"stat.killEntity.ZombieVillager":34,"stat.mineBlock.minecraft.chorus_plant":1,"stat.mineBlock.betternether.orange_mushroom":1,"stat.mineBlock.betternether.cincinnasite_stairs":3,"stat.pickup.extrautils2.enderlilly":9,"stat.pickup.minecraft.nether_brick":61,"stat.entityKilledBy.WitherSkeleton":2,"stat.drop.gb.glob":1,"stat.useItem.minecraft.end_stone":213,"stat.pickup.minecraft.beef":79,"stat.pickup.hammertime.itemsickleiron":1,"stat.pickup.betternether.eye_seed":8,"stat.pickup.minecraft.hay_block":212,"stat.pickup.minecraft.leather_helmet":13,"stat.drop.minecraft.magma":11,"stat.drop.minecraft.golden_axe":2,"stat.pickup.minecraft.potion":18,"stat.useItem.minecraft.flint_and_steel":20,"stat.useItem.minecraft.wheat_seeds":1073,"stat.killEntity.Husk":23,"stat.pickup.minecraft.emerald":87,"stat.deaths":47,"stat.pickup.minecraft.bowl":1,"stat.pickup.mowziesmobs.barakoa_mask_fury":5,"stat.useItem.minecraft.nether_brick":47,"stat.craftItem.minecraft.iron_pickaxe":3,"stat.drop.minecraft.glass_bottle":1,"stat.pickup.twilightforest.deadrock":2,"stat.mineBlock.minecraft.tallgrass":354,"stat.craftItem.minecraft.cooked_mutton":40,"stat.pickup.minecraft.cooked_mutton":50,"stat.drop.betternether.cincinnasite_pickaxe_diamond":1,"stat.chestOpened":847,"stat.useItem.minecraft.cooked_rabbit":1,"stat.craftItem.minecraft.light_weighted_pressure_plate":1,"stat.useItem.minecraft.stone":36,"stat.drop.extrautils2.indexerremote":4,"stat.pickup.minecraft.arrow":680,"stat.pickup.minecraft.iron_sword":25,"stat.killEntity.Ghast":2,"stat.killEntity.Vex":2,"stat.craftItem.minecraft.quartz_block":1,"stat.pickup.minecraft.gold_nugget":36,"stat.drop.minecraft.iron_pickaxe":3,"stat.useItem.minecraft.rabbit_stew":2,"stat.pickup.minecraft.carrot":145,"stat.crouchOneCm":34702,"stat.craftItem.minecraft.iron_ingot":269,"stat.craftingTableInteraction":213,"stat.craftItem.extrautils2.decorativesolid":66,"stat.mineBlock.minecraft.log2":12,"stat.pickup.minecraft.wooden_pickaxe":3,"stat.useItem.minecraft.reeds":14,"stat.pickup.betternether.stalagnate_stem":11,"stat.pickup.minecraft.dye":369,"stat.pickup.minecraft.planks":391,"stat.useItem.twilightforest.lamp_of_cinders":25,"stat.pickup.minecraft.wheat_seeds":2003,"stat.mineBlock.minecraft.ender_chest":1,"stat.mineBlock.betternether.nether_mycelium":7,"stat.mineBlock.minecraft.dirt":990,"stat.useItem.minecraft.bread":233,"stat.drop.minecraft.rotten_flesh":20,"stat.useItem.minecraft.cobblestone":839,"stat.pickup.minecraft.magma":301,"stat.useItem.minecraft.gravel":8,"stat.mineBlock.minecraft.double_plant":28,"stat.pickup.minecraft.golden_hoe":3,"stat.mineBlock.betternether.cincinnasite_ore":142,"stat.pickup.minecraft.iron_pickaxe":42,"stat.pickup.betternether.nether_brick_tile_small":2,"stat.mineBlock.minecraft.end_rod":1,"stat.useItem.minecraft.yellow_flower":6,"stat.craftItem.minecraft.gold_ingot":131,"stat.drop.minecraft.sapling":2,"stat.pickup.minecraft.chicken":3,"stat.mineBlock.betternether.cincinnasite_forged":3,"stat.pickup.minecraft.apple":1,"stat.useItem.minecraft.fireworks":24,"stat.pickup.minecraft.end_stone":828,"stat.mineBlock.twilightforest.twilight_leaves":25,"stat.mineBlock.twilightforest.twilight_leaves_3":1,"stat.craftItem.minecraft.bucket":1,"stat.craftItem.minecraft.planks":734,"stat.useItem.minecraft.iron_sword":577,"stat.pickup.minecraft.stone_sword":1,"stat.pickup.minecraft.book":401,"stat.useItem.minecraft.stonebrick":9,"stat.mineBlock.minecraft.log":21,"stat.drop.minecraft.leather_leggings":1,"stat.mineBlock.extrautils2.enderlilly":1,"stat.craftItem.minecraft.paper":222,"stat.pickup.minecraft.red_flower":12,"stat.pickup.minecraft.red_nether_brick":287,"stat.pickup.minecraft.wool":50,"stat.pickup.betternether.stalagnate_seed":3,"stat.pickup.minecraft.cooked_fish":4,"stat.useItem.minecraft.wooden_axe":2,"stat.pickup.extrautils2.pipe":302,"stat.cakeSlicesEaten":18,"stat.craftItem.minecraft.cooked_rabbit":1,"stat.craftItem.minecraft.diamond_leggings":1,"stat.pickup.minecraft.bookshelf":1,"stat.useItem.minecraft.iron_axe":1119,"stat.drop.minecraft.stone_shovel":1,"stat.mineBlock.minecraft.cobblestone":142,"stat.mineBlock.minecraft.pumpkin":1,"stat.pickup.minecraft.stone_pickaxe":6,"stat.pickup.minecraft.flint":55,"stat.mineBlock.minecraft.yellow_flower":14,"stat.killEntity.firefly":4,"stat.mineBlock.betternether.barrel_cactus":10,"stat.pickup.minecraft.leather_chestplate":10,"stat.pickup.minecraft.flower_pot":3,"stat.mineBlock.betternether.nether_cactus":36,"stat.pickup.minecraft.enchanted_book":21,"stat.drop.minecraft.cobblestone":8,"stat.pickup.minecraft.cooked_porkchop":10,"stat.useItem.minecraft.obsidian":1,"stat.useItem.minecraft.cookie":2,"stat.useItem.minecraft.stone_slab2":200,"stat.pickup.minecraft.bow":28,"stat.pickup.minecraft.iron_boots":20,"stat.drop.betternether.stalagnate_seed":1,"stat.craftItem.minecraft.furnace":6,"stat.craftItem.betternether.cincinnasite_block":10,"stat.pickup.gb.globot_chestplate":5,"stat.pickup.minecraft.golden_axe":4,"stat.useItem.betternether.nether_reed":6,"stat.craftItem.minecraft.iron_boots":3,"stat.pickup.minecraft.pumpkin_pie":1,"stat.pickup.minecraft.nether_wart_block":4,"stat.pickup.gb.gow":31,"stat.pickup.betternether.nether_reed":86,"stat.craftItem.minecraft.cooked_beef":74,"stat.mineBlock.minecraft.obsidian":12,"stat.drop.minecraft.quartz_stairs":9,"stat.pickup.minecraft.diamond_leggings":10,"stat.flyOneCm":7682114,"stat.pickup.minecraft.sandstone":13,"stat.craftItem.extrautils2.passivegenerator":44,"stat.timeSinceDeath":160196,"stat.drop.minecraft.spider_eye":2,"stat.craftItem.minecraft.iron_block":16,"stat.killEntity.Bat":2,"stat.craftItem.minecraft.stonebrick":72,"stat.mineBlock.twilightforest.firefly_jar":1,"stat.pickup.travelersbackpack.travelers_backpack":33,"stat.useItem.minecraft.potato":71,"stat.pickup.buildcraftcore.engine":1,"stat.pickup.minecraft.chainmail_helmet":2,"stat.pickup.minecraft.nether_wart":60,"stat.pickup.minecraft.spruce_fence":1,"stat.killEntity.Wolf":1,"stat.mineBlock.minecraft.coal_ore":187,"stat.killEntity.Creeper":86,"stat.pickup.minecraft.shield":62,"stat.talkedToVillager":127,"stat.pickup.extrautils2.ingredients":41,"stat.drop.minecraft.baked_potato":11,"stat.pickup.minecraft.string":563,"stat.mineBlock.betternether.smoker":1,"stat.pickup.extrautils2.glasscutter":1,"stat.drop.usefulbackpacks.backpack":5,"stat.entityKilledBy.Skeleton":3,"stat.drop.minecraft.obsidian":2,"stat.useItem.minecraft.written_book":3,"stat.drop.betternether.egg_plant":2,"stat.killEntity.Squid":2,"stat.sprintOneCm":8765921,"stat.useItem.minecraft.diamond_shovel":14,"stat.craftItem.minecraft.wooden_axe":1,"stat.pickup.minecraft.bone_block":882,"stat.pickup.extrautils2.passivegenerator":6,"stat.craftItem.extrautils2.indexer":2,"stat.mineBlock.minecraft.diamond_ore":138,"stat.pickup.minecraft.fireworks":192,"stat.pickup.mowziesmobs.barakoa_mask_fear":6,"stat.pickup.extrautils2.decorativesolid":13,"stat.mineBlock.betternether.reeds_stairs":2,"stat.waystones:waystonesActivated":8,"stat.pickup.minecraft.leather_leggings":24,"stat.useItem.minecraft.ladder":4,"stat.pickup.minecraft.iron_block":48,"stat.killEntity.Zombie":794,"stat.craftItem.minecraft.dye":22,"stat.craftItem.minecraft.diamond_axe":1,"stat.mineBlock.minecraft.gold_ore":385,"stat.craftItem.gb.gring27":1,"stat.diveOneCm":243296,"stat.pickup.minecraft.wheat":953,"stat.mineBlock.minecraft.mossy_cobblestone":4,"stat.craftItem.minecraft.ladder":5,"stat.mineBlock.minecraft.stone_button":1,"stat.craftItem.minecraft.cooked_porkchop":32,"stat.pickup.minecraft.stone_axe":4,"stat.mineBlock.extrautils2.resonator":1,"stat.pickup.minecraft.obsidian":28,"stat.mineBlock.betternether.cincinnasite_bricks_pillar":2,"stat.useItem.minecraft.rotten_flesh":19,"stat.pickup.betternether.black_bush":1,"stat.jump":34369,"stat.useItem.minecraft.sand":2,"stat.pickup.minecraft.coal":456,"stat.pickup.minecraft.iron_ingot":672,"stat.pickup.extrautils2.indexer":4,"stat.pickup.betternether.cincinnasite_pickaxe_diamond":4,"stat.pickup.minecraft.gunpowder":66,"stat.craftItem.minecraft.torch":24,"stat.pickup.minecraft.dirt":2393,"stat.mineBlock.minecraft.purpur_block":9,"stat.useItem.minecraft.glass":43,"stat.pickup.minecraft.stone_shovel":3,"stat.pickup.minecraft.gold_ore":352,"stat.mineBlock.minecraft.lapis_ore":37,"stat.pickup.minecraft.red_sandstone":1,"stat.pickup.minecraft.iron_axe":30,"stat.pickup.minecraft.cookie":6,"stat.mineBlock.minecraft.glass_pane":4,"stat.brewingstandInteraction":1,"stat.damageTaken":53890,"stat.mineBlock.minecraft.torch":32,"stat.mineBlock.minecraft.red_flower":8,"stat.pickup.minecraft.written_book":27,"stat.pickup.minecraft.log2":78,"stat.craftItem.minecraft.comparator":1,"stat.entityKilledBy.ZombieVillager":1,"stat.pickup.minecraft.potato":193,"stat.useItem.forge.bucketfilled":1,"stat.killEntity.Shulker":13,"stat.entityKilledBy.Zombie":10,"stat.pickup.minecraft.rabbit_hide":1,"stat.pickup.minecraft.diamond_axe":18,"stat.mineBlock.torcherino.blocktorcherino":5,"stat.killEntity.Silverfish":28,"stat.mineBlock.twilightforest.root":4,"stat.pickup.twilightforest.liveroot":1,"stat.mineBlock.betternether.nether_brick_tile_stairs":2,"stat.animalsBred":152,"stat.useItem.minecraft.chest":64,"stat.drop.minecraft.wheat":4,"stat.pickup.minecraft.diamond_pickaxe":15,"stat.useItem.minecraft.tnt":62,"stat.useItem.minecraft.lava_bucket":32,"stat.drop.minecraft.netherrack":1,"stat.useItem.minecraft.melon":2,"stat.craftItem.minecraft.wheat":198,"stat.pickup.mowziesmobs.barako_mask":10,"stat.shulkerBoxOpened":2,"stat.craftItem.minecraft.iron_chestplate":2,"stat.pickup.minecraft.baked_potato":299,"stat.drop.minecraft.potato":7,"stat.pickup.minecraft.ender_pearl":296,"stat.pickup.minecraft.ladder":2,"stat.pickup.minecraft.cooked_beef":18,"stat.useItem.minecraft.netherrack":825,"stat.killEntity.Stray":2,"stat.craftItem.minecraft.bookshelf":36,"stat.mineBlock.minecraft.stonebrick":176,"stat.mineBlock.minecraft.purpur_slab":2,"stat.drop.betternether.nether_brick_tile_stairs":1,"stat.mineBlock.betternether.bone_mushroom":4,"stat.mineBlock.minecraft.glowstone":16,"stat.mobKills":2198,"stat.pickup.minecraft.diamond_boots":11,"stat.mineBlock.minecraft.bookshelf":47,"stat.useItem.gb.gigger":2268,"stat.useItem.minecraft.boat":2,"stat.pickup.minecraft.diamond":240,"stat.pickup.minecraft.iron_horse_armor":2,"stat.pickup.minecraft.torch":956,"stat.entityKilledBy.Silverfish":2,"stat.pickup.betternether.reeds_stairs":2,"stat.drop.minecraft.stone_axe":1,"stat.drop.minecraft.arrow":18,"stat.useItem.minecraft.bookshelf":29,"stat.craftItem.minecraft.iron_axe":5,"stat.mineBlock.minecraft.purple_shulker_box":1,"stat.mineBlock.twilightforest.twilight_plant":11,"stat.killEntity.Blaze":104,"stat.pickup.gravestone.death_info":57,"stat.drop.minecraft.shield":1,"stat.pickup.twilightforest.huge_lilypad":2,"stat.drop.minecraft.red_nether_brick":1,"stat.mineBlock.betternether.nether_reed":53,"stat.useItem.minecraft.mutton":8,"stat.useItem.minecraft.planks":157,"stat.craftItem.waystones.waystone":2,"stat.pickup.minecraft.golden_boots":2,"stat.pickup.minecraft.glowstone_dust":172,"stat.pickup.gb.glob":544,"stat.drop.minecraft.bowl":3,"stat.pickup.minecraft.porkchop":51,"stat.pickup.minecraft.glass":49,"stat.useItem.minecraft.water_bucket":220,"stat.mineBlock.minecraft.stone_brick_stairs":75,"stat.pickup.gb.globot":3,"stat.pickup.gb.globot_leggings":5,"stat.pickup.minecraft.sand":37,"stat.pickup.twilightforest.thorn_rose":1,"stat.useItem.minecraft.golden_sword":3,"stat.drop.minecraft.golden_leggings":1,"stat.entityKilledBy.Spider":3,"stat.mineBlock.gb.glucky_block":10,"stat.pickup.betternether.egg_plant":20,"stat.useItem.minecraft.red_nether_brick":130,"stat.craftItem.waystones.warp_stone":2,"stat.pickup.twilightforest.lamp_of_cinders":1,"stat.mineBlock.twilightforest.twilight_log":7,"stat.aviateOneCm":249033,"stat.drop.gb.glopper":2,"stat.useItem.minecraft.ender_pearl":45,"stat.pickup.minecraft.chainmail_chestplate":2,"stat.craftItem.extrautils2.resonator":1,"stat.mineBlock.minecraft.sand":16,"stat.killEntity.twilightforest.kobold":65,"stat.hopperInspected":2,"stat.drop.minecraft.diamond":5,"stat.mineBlock.betternether.bone_tile":1,"stat.killEntity.twilightforest.bunny":1,"stat.killEntity.twilightforest.skeleton_druid":12,"stat.trappedChestTriggered":9,"stat.pickup.gb.globot_boots":5,"stat.drop.gravestone.death_info":72,"stat.pickup.betternether.orange_mushroom":10,"stat.craftItem.gb.gring":1,"stat.killEntity.twilightforest.hydra":1,"stat.pickup.hammertime.itemshoveliron":2,"stat.craftItem.gb.globot_raw":137,"stat.pickup.betternether.cincinnasite_bricks_pillar":1,"stat.pickup.gb.glopper3":4,"stat.useItem.extrautils2.pipe":109,"stat.pickup.minecraft.furnace":7,"stat.useItem.minecraft.cooked_mutton":48,"stat.useItem.twilightforest.deadrock":1,"stat.mineBlock.minecraft.end_bricks":7,"stat.pickup.minecraft.iron_chestplate":27,"stat.pickup.minecraft.end_rod":2,"stat.pickup.minecraft.skull":1,"stat.mineBlock.twilightforest.castle_brick":8,"stat.killEntity.Horse":1,"stat.useItem.extrautils2.indexerremote":3,"stat.useItem.minecraft.pumpkin_pie":1,"stat.drop.minecraft.fireworks":5,"stat.pickup.minecraft.saddle":2,"stat.mineBlock.minecraft.soul_sand":8,"stat.pickup.minecraft.mycelium":2,"stat.playOneMinute":2856017,"stat.pickup.minecraft.blaze_rod":47,"stat.drop.minecraft.string":3,"stat.pickup.twilightforest.twilight_oak_planks":16,"stat.drop.minecraft.chest":2,"stat.pickup.minecraft.iron_bars":59,"stat.mineBlock.twilightforest.burnt_thorns":36,"stat.pickup.minecraft.netherrack":2147,"stat.craftItem.gb.globot_rod":2,"stat.recordPlayed":6,"stat.mineBlock.minecraft.netherrack":687,"stat.mineBlock.minecraft.gold_block":6,"stat.pickup.minecraft.cooked_chicken":2,"stat.fallOneCm":720924,"stat.drop.minecraft.stone":1,"stat.craftItem.minecraft.chest":6,"stat.drop.minecraft.book":1,"stat.pickup.minecraft.golden_leggings":5,"stat.pickup.minecraft.melon":2,"stat.mineBlock.minecraft.nether_wart_block":3,"stat.pickup.minecraft.milk_bucket":1,"stat.pickup.minecraft.feather":5,"stat.drop.minecraft.bone":12,"stat.craftItem.minecraft.wooden_button":1,"stat.mineBlock.minecraft.red_nether_brick":176,"stat.mineBlock.extrautils2.indexer":4,"stat.craftItem.extrautils2.indexerremote":4,"stat.pickup.betternether.reeds_block":12,"stat.craftItem.extrautils2.ingredients":36,"stat.pickup.minecraft.iron_leggings":26,"stat.mineBlock.minecraft.spruce_fence":2,"stat.mineBlock.minecraft.gravel":54,"stat.useItem.minecraft.stone_pickaxe":263,"stat.pickup.waystones.waystone":3,"stat.pickup.betternether.cincinnasite":199,"stat.craftItem.minecraft.iron_leggings":4,"stat.killEntity.Rabbit":1,"stat.useItem.gb.glopper3":22,"stat.pickup.minecraft.chainmail_boots":18,"stat.pickup.twilightforest.trophy":1,"stat.drop.minecraft.iron_axe":3,"stat.pickup.minecraft.record_13":4,"stat.pickup.minecraft.flint_and_steel":18,"stat.mineBlock.minecraft.monster_egg":6,"stat.mineBlock.minecraft.quartz_stairs":12,"stat.pickup.minecraft.record_11":1,"stat.useItem.minecraft.torch":90,"stat.drop.minecraft.stone_brick_stairs":2,"stat.useItem.extrautils2.grocket":2,"stat.pickup.minecraft.crafting_table":11,"stat.craftItem.minecraft.crafting_table":3,"stat.pickup.gb.gigger":11,"stat.useItem.betternether.cincinnasite_axe_diamond":69,"stat.craftItem.minecraft.boat":2,"stat.killEntity.LavaSlime":3,"stat.pickup.extrautils2.grocket":3,"stat.mineBlock.minecraft.emerald_ore":51,"stat.pickup.minecraft.redstone_block":2,"stat.pickup.minecraft.log":28,"stat.useItem.minecraft.cooked_fish":6,"stat.craftItem.twilightforest.twilight_oak_planks":16,"stat.killEntity.twilightforest.squirrel":1,"stat.pickup.usefulbackpacks.backpack":32,"stat.drop.minecraft.planks":3,"stat.pickup.minecraft.chainmail_leggings":4,"stat.pickup.minecraft.sapling":9,"stat.entityKilledBy.Enderman":4,"stat.pickup.minecraft.diamond_helmet":5,"stat.killEntity.WitherSkeleton":34,"stat.pickup.minecraft.golden_sword":3,"stat.craftItem.gb.glob":1,"stat.craftItem.minecraft.sugar":18,"stat.pickup.betternether.nether_mycelium":15,"stat.sneakTime":20561,"stat.pickup.minecraft.rabbit":1,"stat.mineBlock.minecraft.cobblestone_wall":1,"stat.pickup.minecraft.rabbit_stew":2,"stat.useItem.minecraft.baked_potato":220,"stat.pickup.minecraft.yellow_flower":11,"stat.drop.minecraft.wooden_axe":1,"stat.pickup.minecraft.chest":129,"stat.craftItem.minecraft.enchanting_table":13,"stat.drop.minecraft.stone_pickaxe":1,"stat.pickup.minecraft.bone":378,"stat.useItem.minecraft.mushroom_stew":1,"stat.horseOneCm":1745034,"stat.pickup.minecraft.lit_pumpkin":3,"stat.drop.minecraft.leather_helmet":2,"stat.mineBlock.minecraft.brown_mushroom":2,"stat.craftItem.gb.glopper3":1,"stat.craftItem.minecraft.diamond_helmet":1,"stat.swimOneCm":314271,"stat.climbOneCm":56489,"stat.mineBlock.gb.gobber_ore":156,"stat.mineBlock.minecraft.spruce_stairs":1,"stat.enderchestOpened":1,"stat.useItem.minecraft.dirt":438,"stat.pickup.minecraft.golden_helmet":2,"stat.craftItem.minecraft.purple_shulker_box":1,"stat.mineBlock.betternether.nether_grass":9,"stat.pickup.minecraft.purpur_block":12,"stat.pickup.twilightforest.castle_brick":7,"stat.pickup.minecraft.cooked_rabbit":4,"stat.pickup.minecraft.enchanting_table":3,"stat.useItem.betternether.cincinnasite_pickaxe_diamond":4,"stat.drop.minecraft.ender_pearl":3,"stat.craftItem.minecraft.stone_pickaxe":2,"stat.mineBlock.minecraft.magma":134,"stat.pickup.minecraft.cobblestone":5401,"stat.pickup.minecraft.quartz_stairs":9,"stat.mineBlock.minecraft.carpet":3,"stat.pickup.minecraft.gold_block":22,"stat.mineBlock.minecraft.redstone_block":2,"stat.useItem.minecraft.stone_shovel":132,"stat.pickup.minecraft.soul_sand":194,"stat.pickup.minecraft.glass_bottle":2,"stat.drop.minecraft.wheat_seeds":5,"stat.useItem.minecraft.cooked_beef":73,"stat.pickup.minecraft.redstone":488,"stat.mineBlock.minecraft.iron_ore":519,"stat.craftItem.minecraft.book":73,"stat.pickup.minecraft.mutton":96,"stat.pickup.betternether.nether_brick_tile_stairs":1,"stat.pickup.minecraft.mossy_cobblestone":3,"stat.craftItem.extrautils2.screen":6,"stat.drop.minecraft.iron_bars":2,"stat.mineBlock.minecraft.coal_block":4,"stat.pickup.minecraft.stonebrick":123,"stat.drop.minecraft.mycelium":2,"stat.drop.minecraft.dirt":3,"stat.useItem.minecraft.cooked_porkchop":33,"stat.pickup.minecraft.iron_shovel":29,"stat.pickup.minecraft.carpet":3,"stat.pickup.minecraft.diamond_shovel":1,"stat.mineBlock.minecraft.nether_brick":149,"stat.mineBlock.minecraft.red_sandstone_stairs":2,"stat.craftItem.betternether.quartz_glass":10,"stat.mineBlock.betternether.black_bush":1,"stat.pickup.gb.glopper":16,"stat.mineBlock.betternether.agave":7,"stat.pickup.betternether.cincinnasite_axe_diamond":2,"stat.craftItem.minecraft.stone_slab2":0,"stat.useItem.minecraft.golden_axe":19,"stat.pickup.minecraft.paper":124,"stat.craftItem.minecraft.stick":76,"stat.useItem.extrautils2.passivegenerator":37,"stat.pickup.gb.gring21":2,"stat.pickup.minecraft.speckled_melon":1,"stat.craftItem.minecraft.stone":126,"stat.mineBlock.minecraft.crafting_table":10,"stat.pickup.extrautils2.resonator":1,"stat.mineBlock.minecraft.quartz_block":59,"stat.useItem.minecraft.diamond_pickaxe":1105,"stat.useItem.minecraft.carrot":113,"stat.mineBlock.betternether.reeds_block":6,"stat.pickup.minecraft.diamond_chestplate":10,"stat.entityKilledBy.Creeper":2,"stat.mineBlock.minecraft.planks":11,"stat.drop":297,"stat.killEntity.Sheep":37,"stat.pickup.minecraft.slime_ball":20,"stat.drop.minecraft.iron_boots":1,"stat.pickup.minecraft.golden_chestplate":3,"stat.drop.minecraft.bread":2,"stat.pickup.gb.gring27":2,"stat.drop.minecraft.nether_wart":2,"stat.pickup.minecraft.gravel":58,"stat.drop.minecraft.cooked_beef":1,"stat.killEntity.Slime":8,"stat.useItem.minecraft.diamond_axe":162,"stat.pickup.minecraft.purple_shulker_box":2,"stat.useItem.minecraft.apple":2,"stat.drop.minecraft.chainmail_helmet":1,"stat.useItem.minecraft.porkchop":4,"stat.useItem.minecraft.potion":8,"stat.pickup.twilightforest.torchberries":20,"stat.drop.minecraft.cooked_porkchop":9,"stat.pickup.minecraft.stone_brick_stairs":7,"stat.mineBlock.minecraft.purpur_pillar":1,"stat.pickup.minecraft.iron_helmet":35,"stat.useItem.minecraft.stone_axe":87,"stat.craftItem.minecraft.bread":56,"stat.pickup.minecraft.spider_eye":52,"stat.mineBlock.betternether.block_eyeball":5,"stat.craftItem.minecraft.iron_helmet":3,"stat.useItem.minecraft.cooked_chicken":8,"stat.pickup.minecraft.iron_ore":509,"stat.boatOneCm":26668,"stat.mineBlock.minecraft.iron_bars":102,"stat.craftItem.minecraft.flint_and_steel":1,"stat.pickup.minecraft.leather":156,"stat.mineBlock.minecraft.furnace":6,"stat.useItem.minecraft.wooden_pickaxe":18,"stat.dispenserInspected":2,"stat.drop.gb.gow":5,"stat.pickup.minecraft.reeds":283,"stat.killEntity.CaveSpider":57,"stat.drop.gb.globot_boots":1,"stat.damageDealt":195285,"stat.sleepInBed":4,"stat.pickup.twilightforest.twilight_log":31,"stat.craftItem.minecraft.baked_potato":204,"stat.pickup.minecraft.end_bricks":1,"stat.mineBlock.minecraft.nether_brick_stairs":9,"stat.killEntity.Cow":32,"stat.killEntity.Pig":26,"stat.craftItem.minecraft.iron_sword":2,"stat.mineBlock.betternether.nether_brick_tile_small":4,"stat.craftItem.minecraft.stone_shovel":1,"stat.pickup.minecraft.boat":11,"stat.walkOneCm":10114560,"stat.craftItem.gb.globot_boots":1,"stat.playerKills":9,"stat.pickup.minecraft.stick":43,"stat.useItem.gb.glopper":1366,"stat.pickup.minecraft.purpur_slab":4,"stat.craftItem.minecraft.diamond_boots":1,"stat.pickup.minecraft.tnt":64,"stat.pickup.betternether.cincinnasite_stairs":4,"stat.pickup.minecraft.stone":632,"stat.pickup.torcherino.blocktorcherino":4,"stat.pickup.betternether.bone_mushroom":36,"stat.craftItem.minecraft.redstone":5,"stat.killEntity.twilightforest.deer":1,"stat.pickup.minecraft.chorus_fruit":11,"stat.pickup.minecraft.gold_ingot":95,"stat.mineBlock.betternether.netherrack_moss":11,"stat.pickup.betternether.netherrack_moss":1,"stat.killEntity.Skeleton":323,"stat.killEntity.Chicken":3,"stat.killEntity.Spider":230,"stat.mineBlock.minecraft.quartz_ore":117,"stat.pickup.minecraft.bread":521,"stat.pickup.gb.globette":21,"stat.pickup.gb.globot_helmet":5,"stat.useItem.gb.gow":1956,"stat.pickup.minecraft.quartz":147,"stat.pickup.mowziesmobs.barakoa_mask_bliss":11,"stat.pickup.minecraft.water_bucket":29,"stat.pickup.minecraft.golden_shovel":1,"stat.mineBlock.minecraft.leaves":32,"stat.mineBlock.betternether.egg_plant":1,"stat.pickup.minecraft.spruce_stairs":1,"stat.mineBlock.minecraft.redstone_ore":45,"stat.pickup.minecraft.lava_bucket":20,"stat.pickup.minecraft.elytra":4,"stat.craftItem.minecraft.coal_block":1,"stat.killEntity.twilightforest.wild_boar":2,"stat.mineBlock.minecraft.bone_block":63,"stat.mineBlock.minecraft.hay_block":48,"stat.mineBlock.minecraft.stone":1148,"stat.useItem.minecraft.sandstone":6}